trader,weight,cluster
0x011af0d7a38f1b1b43cffd7a51e1aa38d1c61ece,6.340863134239272e-07,-1
0x02fbbf39d1e3c142994b383af5ac3f2ad744cda9,8.467569730386116e-06,-1
0x0319b88008686bcf15c8d0955b90b18050c661d2,3.825450406612117e-06,-1
0x032a3141ef7f25987712c21dda808fee1cb26d83,1.780492464027762e-05,-1
0x03d50cdc277f5fe70259511d56ea4c5a760064ef,9.611663187006597e-07,-1
0x0468aece9ee888878f7d8130c2882f61e3cf677a,5.153613599551446e-09,-1
0x04a94b61531a1b3a3b5bbd01dab4522f297468be,2.2541397443809826e-06,-1
0x04c6436109ade28b6eb0e01f8bc30869eacb1c83,8.789437602018515e-07,-1
0x04c8e82bbd0a33d3179e767c262223f50e74f7d2,3.3647751701455943e-06,-1
0x05245ef7f5e5fa2db758ab31292ce73487043971,1.008540819463195e-05,-1
0x05f761aacd63e4e96bf98f0fe5614de5ba90856c,1.447746782905367e-06,-1
0x064f5692b711fe69cc10ef3848ba659b8b6dcefa,1.5282165878879567e-06,-1
0x0762a621091357d600af930ad21ca493ab5b0282,6.640249321741529e-07,-1
0x08bd0f74f8f1233d9307454a6612f25d6bd4c7a1,1.1437327701074773e-06,-1
0x0971508fd715704b3abf6a7f11c45c1ddabaf73f,4.556043306625141e-06,-1
0x0a183be6a9e3652c1a6c8fdd82a82c0fae6b4c5a,1.4216962635970305e-06,-1
0x0aebaf5e3d4207d71474cfa3f654ec0743183619,1.362553147022524e-06,-1
0x0af94ca619cd5b18ba72aa1244bfaa8bcb1babd3,9.43040729646439e-07,-1
0x0b6b0a88e05f8f7053e2b3a5d56e4d8555774bee,4.399178665547554e-06,-1
0x0b94d9966717e894d7a145f9642445ab151762c6,6.382463247088187e-06,-1
0x0d15525acdbc08c94c662267b8f1705c7ce162f6,7.796320936038026e-06,-1
0x0da551d5369704e0cef6386127d889560800b5f6,8.106041085039651e-07,-1
0x0db56c99b8ad68f35f4b1772a4ffed3fb16204f6,1.6221505991726852e-06,-1
0x0deb827a58f6eb88e15c91d941c33515298d0bc5,6.039081994673649e-07,-1
0x0eecd62efb05009e2b72964b4bcdbcf653afd4c5,2.074987093324989e-07,-1
0x0fd468a73084daa6ea77a9261e40fdec3e67e0c7,2.496067867141725e-06,-1
0x0fd7b11cd60ab7c0b8485a689e313f50b6c1b74b,6.604295629447449e-07,-1
0x1003d8c532e5178673668e5f3aa48dc399ee940c,3.0946530763698762e-06,-1
0x11ce8c10fc72f4f60c9158eb89fec07db3c91535,2.6513332617580816e-05,-1
0x121c93d3accf50bab046fe499fcefc07fbe6386a,7.042109274539031e-06,-1
0x12651d08f86bdac553a60c8ec096b82bfcee5677,8.60152152690863e-07,-1
0x129cfcdced580dcd6c2e0e1d6ac3f608e0c66040,6.078651093375459e-06,-1
0x13558be785661958932ceac35ba20de187275a42,6.395834604370683e-07,-1
0x14f5dd7ca3e4ef4aba7431ad10d9dacaf14fd103,4.4899068942372194e-07,-1
0x14f8e042905350cee7ae0cec27f092f10dd912bb,5.623164052948533e-06,-1
0x158073fb0adcc6626d3db8ed7f64bbd365af2152,5.807511807212967e-07,-1
0x161acffcd4b9a6c482c53c4b1a856e21a05f89f2,7.215725806506331e-06,-1
0x16d81b2dfd8d6650b2013ebed328588e7c26da24,2.615898833632325e-06,-1
0x179c17d04be626561b0355a248d6055a80456aa5,4.821188800125452e-07,-1
0x17e018cde4ba0b1a83e3b39eb6cdf7bc439156b2,5.679272092858033e-07,-1
0x19951dbda49ea27130a2bdcfa8b4eb788ebdcf5f,5.225895068617032e-07,-1
0x1a5ac4d790b1a163bf8b3552df15029e6fe1c4eb,2.8430516475128437e-06,-1
0x1c1891461365cd8aa4a9c0fc01a141b004c8f2c1,1.1741943806817161e-06,-1
0x1c9e242d85fc0e4376ad1ea56143b9fdf9f61017,1.2979057359372257e-07,-1
0x1d2a3b568e82678f22df040485b8cc006f3d0ea6,6.479962074253634e-07,-1
0x1ea27bce786a81022dfc156059771e8d3279a9a6,1.4220556802651718e-06,-1
0x1ed8d101622beaf192d06137dfb220851bcad9fa,4.085250599474511e-06,-1
0x1fcfc47ca84bdbf6d3a5e860cee32ecb9427c323,6.899677032536257e-07,-1
0x2033e4098ff8a11fd9913533cd2b1eb53836a276,0.0007462324929249345,-1
0x208e6c516ad70b394ba3578d4f7a2c61eda1c907,2.8023143671763404e-06,-1
0x21e54e2b9b02d2c0ad2197d7ac85c34151674012,1.0786386703152855e-07,-1
0x21ee4b39f27afcaa6462d84bd904497f44411c5e,5.569999138332549e-06,-1
0x21fe273e04336c952fa0de439ad00529a9dd7909,1.0496636459163705e-06,-1
0x2291a8376fbefdd4847a3c47992f0ee650427d81,1.183321734656697e-06,-1
0x234fe651ff372312c858c820be51801de58a01e5,9.837893648881238e-06,-1
0x23abb0ff0b1cbfd95b20a0fd72b83a2939f0ba5b,1.3008523226171598e-06,-1
0x24d02e64d4a2580d570666546ac937adab2b3e08,1.9362346797915005e-06,-1
0x252530586e885231d62edbf1b6788177ef5d6b61,1.16240481457039e-06,-1
0x252b0d1c7077894e5ba58b22c83118b26805e6b5,7.939811613922802e-06,-1
0x25554a80781ee62414c3747e81c3f50157c634b1,4.653545448703776e-06,-1
0x25cde502eb0c78409b456d1aedaa34a5ff007765,3.3941651069367095e-06,-1
0x25d359b0e809c64cfb661b2541dd2643c6f6d72f,1.2324658886596813e-06,-1
0x25e7de497c501f102e88f1798c003042f14eb9bb,1.0364114949979428e-06,-1
0x260db26a5d85e9e6983257e8af71a60e95873d6b,1.691762669002458e-06,-1
0x2759d5ef1d8d0dbcd893ee36b0743b77fbe7c9e0,4.4090446476877666e-07,-1
0x2874aa935c118b8e170c35ae0e75e507d1332218,2.1551674064909133e-08,-1
0x28ce248832bf0ca164970a062ce0e48f55645ec8,2.7057691323778337e-06,-1
0x29721caea4427b6bf8061f2fee469a62be1d02be,7.486720746410268e-07,-1
0x2a934d40944e2b686ee9cdce74a3f67d32cd0347,2.6791843079804607e-07,-1
0x2b294f5aaf6d6f8081bc98069ebd8c4eb60cda44,1.3413317789894165e-06,-1
0x2cb562384765bea1612ceb60007e315f904fbe86,2.1313972885263425e-07,-1
0x2cbcfa87aa570d72ad7b376e729e167071f1cd33,2.9400313587308025e-06,-1
0x2cd9f4645b14bf968212c7c108213eaeb193946e,5.151503699064353e-06,-1
0x2ce1fbdd33020c5992021c8924134590f66a2acd,2.373843703659757e-06,-1
0x2da0b905bfa45b9ec7037a612bb8d9b76fddb8cf,1.7550315603919082e-06,-1
0x2e1aa624f04fa7ab7198c6fbfeaa42a707b42c1a,6.426407516959132e-06,-1
0x2e2dc7dd191f8aa6994368b3482a4ff9791ae2b4,5.684772883844803e-06,-1
0x2ebdee94cb5df4a8f4b5acab118f6d4e55896aed,2.686933964558935e-06,-1
0x2f47da39204b17c652b20c72569aacc7adbd719e,2.0120954173544803e-06,-1
0x2f55331b4fa24efa8fbfeafb896669c0733f827a,7.861783144191485e-07,-1
0x2f7479ad52a75eb90a9b2acfb296a39d41828c36,1.7966452051460031e-06,-1
0x2f9d7b4d0bba27aaa92173460e0520740e7d069b,9.722442204439601e-06,-1
0x2fa0b8a5dfbdbb71a7aa148d4cc45dee9ddfd3f3,5.946282967542588e-07,-1
0x3005fade4c0df5e1cd187d7062da359416f0eb8e,5.284952185782731e-06,-1
0x3093189bd4d429cb2f47d03c14b9e9200b6b9425,5.724586004422763e-07,-1
0x30bd7e66f3f70e08b31d22fb1bf01178bcd7aae6,3.619775225092853e-06,-1
0x30d06de4ecf52727b6b127640f2d0c6cbb1a466f,3.887415615522212e-05,-1
0x329f4435e0f22899b733756c71aa12c1004146b1,7.278451564000934e-07,-1
0x32d12513ab62d4dc7143a0f6cb605752ace46822,5.850727400810476e-06,-1
0x332969b2951974fea82338ae410593ecaf98a4d0,7.276684499190664e-07,-1
0x339af484e526381d68e7535ba9ebcc5f2c42165b,9.223992496216744e-07,-1
0x33c3b8bcd758f511b350374a63e1f880f40e0282,1.556904074193851e-06,-1
0x34827044cbd4b808fc1b189fce9f50e6dafae7c9,4.727319203241736e-06,-1
0x3490d181da18c9481e40d114dc20720dfd1955de,2.106178508684135e-06,-1
0x3517a48fcfad0480c7d7666d4ec54edc6d9a5559,5.673938597746762e-06,-1
0x353bd2e5da5f01707dfad0dd86907561ac66cc38,1.1495217027874458e-06,-1
0x36230634f730c256b88d238988e2e65223734f4e,1.328992427573779e-05,-1
0x365e0c115f1ca1adcb42fd21142873493df7f880,3.1057607530446346e-06,-1
0x3668811b5b0966d1891c47cac0ef8615e3381ca9,3.421259629943786e-06,-1
0x3695fb3cfabd87d3b78fa3c55ccfbfa24b34481c,1.2330184670157053e-06,-1
0x375155cebe185bec39238de94e079838c09d84f8,4.135824723393868e-07,-1
0x37c1e493c8a452ab3f5a6d01fda87795b91e7851,1.0320454657277623e-06,-1
0x37cdea0c9af695a5629a75e28a20724a98147918,2.302130100383102e-06,-1
0x37dc4d2c58c63a296f720e6ebf1419e83d74a4b3,7.845882778419671e-06,-1
0x38160dc5b34ced1307ea5703802b32ef6f70b9a7,7.224215471477623e-06,-1
0x386eb74c3b9844648b365c7c59de8104f869173b,1.3122550696982297e-06,-1
0x387c6f0718b20260dbd61d428566be5c7b2b0c19,9.8406375132868e-07,-1
0x3895d155b005191686476a39580d43258a518e46,2.1603324957305682e-05,-1
0x38ac9012a1be7bebd73d497d803f302fe274cda2,1.3570038595557747e-06,-1
0x3a1191221d6cf7584fa220378b1d911c5a051f95,7.533968535856353e-06,-1
0x3a2c2b2792ee39c0a8c412531607719435b18a32,9.05891805514419e-07,-1
0x3aec1659ddb1f2ff7b9acf786bd65fb69fd78742,1.4661638417669338e-06,-1
0x3be3a8613dc18554a73773a5bfb8e9819d360dc0,4.9716124229632056e-06,-1
0x3c0e813045a321155e9baf4d39ef35c881eced75,6.571175093336371e-07,-1
0x3c165893deaaf04ac79f4f959594747b6ef77e92,6.811284856205545e-07,-1
0x3d0a30a158a92abc41609337c2f68f04926778ca,2.2597670151047892e-06,-1
0x3dac271d1b36a434880c527a678b6487ac9c1f8c,1.1659301017032427e-06,-1
0x3e5dacb70247b57aca1d62b927c398ff05b7e570,1.432598250589365e-06,-1
0x3e6c5926f682b372c0a916a5c245ecd7ea8b9d8c,1.5053196689189602e-06,-1
0x3f3801e032d4768dcd61c48efde9c00708f60159,2.0986273895359146e-06,-1
0x406073860818ecfb7dca0706a6bac73faa95bd3e,1.4793703519675595e-06,-1
0x4073d6343f9658dfaa765a0f17fc7e23e38f7a0e,1.5251302884081163e-06,-1
0x40ba8c738819054d5d44e7fa139344d721e54e40,1.1389659498090154e-05,-1
0x40f6b6909659d3c76413e613fa8a2c5100bca864,2.339240474764396e-05,-1
0x4118cd239d853eda51ae3c6391d2b8bd076c7c6f,1.2825086190037194e-07,-1
0x42fd5648cf21c158d15e4f58785760755b3f6623,0.02838297124358834,-1
0x437854ead22fa00c7d3a8b0a42b0ce06c8ba2145,6.250941540194802e-06,-1
0x44c9c226cdfae773002b3f86d3966af3cd8f277c,4.235010100540325e-06,-1
0x44ca31a9915f7fdbeb340d04fbfe3ba64440d1c6,1.3420973368809129e-06,-1
0x44f481f406d178c278346c5f94d8ac19438f7edd,6.33756644352025e-06,-1
0x45323d50a3e1ca8fdf24df0a323fc9e38fd6b01c,8.781483243891999e-07,-1
0x454e98e79eb566e9147680d0ab92b3529165f16c,3.308164589838887e-07,-1
0x45c42fbd450b5506f8dc819d46036630fe75b81e,2.5534557477281268e-06,-1
0x4648baa72d8cfe3f31882fe52bd9fd8e6d539373,9.558247787043724e-07,-1
0x47649d96f78ea3a70db88c745913484cc558c7ae,6.832594837049184e-07,-1
0x476f75a7ddcf6ca1ed1ff6c817d7315f216ec60d,8.12850429858979e-07,-1
0x4a1b3580f7ac72bc54175f05b76092eeb7a266aa,0.0005207166660233137,-1
0x4b30f55490179e4b690bd1409e861ac9ba602391,5.262604702790987e-06,-1
0x4ba112fa04f3e360f8eb7444b776f9ebaed82fda,5.7897048806598325e-06,-1
0x4c60401b03b5b444750abb01f142e9f5c65ee7a1,5.348892971649135e-07,-1
0x4c6eacc86bd4cee8f41cf257f054ca53b2cef8b3,1.949524309208238e-06,-1
0x4ca3b77417ff7a534e951cf56e3fc353e4289b35,7.876784741180484e-07,-1
0x4cf1aa03b2ee27f922c2b089dc9f7d3a2551e717,2.500982596607583e-07,-1
0x4d272a5186de31e434d96f497c71ba20c6999614,4.1933229475002675e-06,-1
0x4dd6e1094e99459bee550d5b7f20aec4b5de7bc9,2.985008698435536e-06,-1
0x4dec0a851849056e259128464ef28ce78afa27f6,3.6750667969240757e-06,-1
0x4e5578a97662a79c07b53e3f1e4731eb9676fb57,1.3695735698397543e-06,-1
0x4ef1c5ae65ab5b37629b7aa523e7e95e7da528e3,1.0059626801368915e-06,-1
0x4fec34a3ba424b0212df81a9a8023051f67cf3f2,2.2553322183973965e-06,-1
0x500a8d2934da6f7831e3996df1c8c5a5a74c2274,3.355571013758315e-07,-1
0x503c3dbb6f21f231a33da05822229026e8a88acd,6.715221913114519e-07,-1
0x511b61c739446eb3f336e3f77d06b78d80ae748a,5.300747310487305e-07,-1
0x51447a58623311e3e6c6e767d67dc36d890ad464,8.55793040765336e-07,-1
0x5280172565587fa7a741702a72d7f748ed57e812,2.2352910835090037e-06,-1
0x5333c1d733794e02f34d5f0d88c65d03fd2e4db1,5.9420043771015634e-08,-1
0x53c1f63a8885bda1a337da715fe7262b5a04bf0d,1.0895786167990941e-06,-1
0x53c94dd4f1e2c3ea2b624d783540dd8cbb631b4d,5.012895551089624e-07,-1
0x540012097465cf0beb9113a0a28c4484d7c57bdc,2.5773560600605293e-06,-1
0x542abf2dbb1f0b526f122bc384f9438cec44e710,6.8602162963203926e-06,-1
0x559556e3bbbbfc72852ca4c5dc262fe1863f6ffe,2.6224262458818052e-06,-1
0x55d51be4b89897654a5899a41a6b8d0df01bc91e,8.183943666936014e-07,-1
0x56468ed7460c8d4d04b9d222a89e220d1f120951,3.851389301622126e-06,-1
0x565b1c32936bdaa526947178acc95c5b08cfacc4,2.0631935133081223e-06,-1
0x5690fd2f011c86c2a6de8fcde2d7d1c5e314abd3,9.564424073812498e-07,-1
0x56b9b59209486bf07efbe26bde84519b3fe6276c,2.613172233581815e-08,-1
0x56dc7459927c4b354431673054dd56734419bea7,3.6361822691461695e-06,-1
0x5799df76eaf3b7c5714f1be1d8e61c5f568dde63,5.276506141486777e-07,-1
0x58a4a1658f0eb3774ea787a8c31619ce20437929,4.75336491799906e-07,-1
0x58e4ae56be8da7e60de849e0e76f58324f443dfa,1.5025174422056208e-06,-1
0x59e3811e42b92c479ebbad05b43deb61b66ce00a,3.141155354814229e-06,-1
0x5a2ce6edcd82d9a9141bcbde7b9559f8816838ab,5.013972841846506e-07,-1
0x5a629e148f9e0a33f56ac9a7e441a70357725a27,7.487866433125526e-07,-1
0x5a8e21c3a73cc4742ecf1f422379a6fbf1992a42,9.74846754004787e-07,-1
0x5bb247495cce4a090ff1923ee9c44e28e515e8d5,7.731935065755052e-07,-1
0x5bcba84cd697ebcd2fb4c1dfc7f3fa3dae12d53d,0.0055882533387094585,-1
0x5be006222a45b583a3aa032bb28a1ea642d08595,4.0435191006096475e-06,-1
0x5c976811cf5e44294ba0f510aa670177c3750360,4.915262055499419e-07,-1
0x5c9e30def85334e587cf36eb07bdd6a72bf1452d,3.5073544013176636e-07,-1
0x5d510582063ed6c342d27d7746f551631ef68432,7.201001362147445e-07,-1
0x5e0c4ce4d138c75f649c07e1a49986149f0fc404,3.4484567163521444e-06,-1
0x5e53ce97fcd3abe46f1ab45abb3e9a9c5e19f193,4.716385619678478e-06,-1
0x6049563306af27f901c692e028e712cad8ae8a6d,7.082140412821586e-06,-1
0x60ab2f1bcedbc889cb515f12f13b91250721bca1,8.049376612614686e-07,-1
0x60fc81b4411f3299befe4b39ae8c9832271663bd,2.7521182198563896e-07,-1
0x627855d102a30bad93260dae28a0fd6225607c2b,0.00015977072693325024,-1
0x63f2b41de83229a3f44b628e11713a2a60ae6f55,1.4312532342190125e-07,-1
0x64a422cf6935b01a88e11345c8d6b0df6d25cfa2,1.21748049031099e-05,-1
0x66492b95b31cc41f1ca5b2cfd0647e1877bc0912,1.1903383348151129e-12,-1
0x667b8184fcb9e83bf3180bb42f5c67374cde679a,7.533205148699783e-07,-1
0x66d1f704749ced8c60df03cd0ccfce05c5d87fae,3.5776052607448053e-06,-1
0x66e541024ca4c50b8f6c0934b8947c487d211661,3.886136014753419e-06,-1
0x6716b42cb0731a530c8e1374453967a85fc17d44,3.214903150881381e-05,-1
0x676751fe55f734245651fb781908befff96eed8f,1.4996469854390245e-06,-1
0x676a9ecfffe15c07cd3e043172f322036a3b01d9,8.150612915963775e-07,-1
0x68d017f8c75d22af6a48aa6f2f697c658ec15599,6.037781478896052e-07,-1
0x6979dde2781dc4ec843641b10b2a2f2e0f4bda62,5.827144609362614e-07,-1
0x69f16a2a571d32265b5831318be9387f8aa894ae,1.7083770244597937e-06,-1
0x6acf5dc82237396e07d7e802bff984d8662360a1,3.358857909733246e-07,-1
0x6af6660ed5ecbfa39db3d6bf23e17bd426a183ce,1.6646996673023671e-06,-1
0x6b1193efb3b72e59156668c42d10e3cd40ae8f39,3.806677493880815e-08,-1
0x6b888b30b242e52f2a1f3243a6bd16a846be2b98,4.145309513966761e-06,-1
0x6c23f9c8d8c9dace12090af92349c7bf11d8b03b,3.9100006211716e-05,-1
0x6d6a4b953f202f8df5bed40692e7fd865318264a,6.198107394144054e-06,-1
0x6d6d7c05ef7f31b31b618400495b4ce4092a5089,6.730923521982335e-07,-1
0x6dcade414ac7baeeae0ab8a0298728e521c7ddf5,5.797056319829338e-07,-1
0x6e9989debf991affd8dfe4a73efcbfc8cb658473,3.117070571196161e-07,-1
0x6f7d75c18e8ca7f486eb4d2690abf7b329087062,3.7114590533534273e-07,-1
0x7044be555aea5bddb3b9808658500d4e0d0a6b6e,1.3713586612181252e-06,-1
0x70516b444bf37b44e8c5a2980d04506038ac51ca,1.3423700265357699e-05,-1
0x706bb519b05b7dc01d048af9a5e29d1ef5d6d9e3,2.3162463372312694e-06,-1
0x70b180035ce5982449966f539e63863fa4f23107,1.5013356980267476e-12,-1
0x71195903d21fc9c6c045e83c40b38f6cd049b388,1.4881730641791988e-06,-1
0x71f060a388589f2917df5e6b79a1e43baad1b611,1.7652958685782346e-06,-1
0x724691a0fd2d1ac28a556c97f0a2f5af21ca4ad2,8.348015652564016e-06,-1
0x728d038047fd8801305df0d94aaa5d14c235aab7,9.415546585008374e-06,-1
0x72cb918356c4f6d3f1b2e532928110ba6995f139,4.323100583697606e-06,-1
0x72db642e6c803993aef6fc17e9b159c536508bb6,4.38599646458766e-06,-1
0x732f7178048a7329cb37e251845d4d39d62ab4ae,7.967223941322951e-06,-1
0x73c0adabc111af82269ebcb4e9022b1ca3b90142,4.183914465805073e-06,-1
0x746392101b030f5303391a7dbff328e82a46f5ba,1.7896686995260876e-05,-1
0x747ccf6d082c7db449aa9db49e6001089627c27c,1.7636597601449272e-06,-1
0x7494959e4f1ade929df61abe0aacf05109ab19a2,3.0185889474464525e-06,-1
0x74c0f4b183fad91859b579df3b8524561773b69f,2.2254499488544837e-06,-1
0x74dffdad17f5343419d606985908c67d2988f87c,7.261160306522763e-06,-1
0x7520e086de340208751eaa9f8af2d2f2c43e8fd6,8.756096229090688e-07,-1
0x760ec8576c2dc5dba2655f7b948c0689b02b6cb0,8.555525130789685e-07,-1
0x7786498ffb58bedc6c392a4a40789be5c2da240d,6.008820107224878e-06,-1
0x77c1dca853d201165f6d8bbc66c7758bf620cff2,2.0934445704955954e-06,-1
0x77f12d27fe3a7eda486bf899ee274562928844da,8.456409734605716e-07,-1
0x785dc7204e2da8694c045e615562e946aadbf914,9.16459496754173e-06,-1
0x78f6c2458b53d0735208992c693bb2b2dafebb52,1.250622175532681e-06,-1
0x7a5a42bd6b1fd13368732be8a7b63e06064e0394,1.3646062885510855e-06,-1
0x7aea4799452f25d50386e81029794e0ebbb6ec06,8.107795559677561e-07,-1
0x7af0b7a51c6bbf3970a5d0c79fc958f3d5ec58b7,6.447340496006379e-07,-1
0x7bb5367d1584f3421342f22468cdde4be99ef8db,1.467976447317751e-05,-1
0x7c45b26c41c29330d042003cb312e73a3912024f,4.605306688304608e-07,-1
0x7cb240f9b12e246e727a84bfc13fee5cfe96b674,5.655658886913213e-07,-1
0x7d5c17cddaabc227c7d1a34ac7f6cdfda6985d48,1.2765270643870438e-06,-1
0x7dbf212423c43880ab46a79beb0bcee839a22ec1,7.290583111032441e-07,-1
0x7dd6f02fef939cea86f0243358255f6b57a6cf0d,9.040939946081359e-07,-1
0x7e19c25679a5f4cc1351e80d428ebe6df929adb1,7.483286589140618e-07,-1
0x7f725a5f3e5534493cb895fdfdaed6e124c8ea82,1.4334304039832125e-06,-1
0x7f9571cc340883ff8781dca34afd8d07e3c8147c,5.838687076847907e-06,-1
0x7fad4c348250b9147db503f9aed91e2d935d96f7,6.658689787082126e-07,-1
0x7fdf3e814f84e69831111f1cfefeb0936f81bb63,2.0851729689082873e-05,-1
0x824500007d01d0dece344915d54aca3c5dff468d,6.565825137167839e-07,-1
0x83058a4f598e0d43b5e9b6b9d7bf5b58015bde00,6.6423397521906766e-06,-1
0x8341af1b5e1143d505db8d76b406a4b4a11a2ca7,3.481403538662062e-06,-1
0x8396763a743bd3840b353b4056a7c72dbdf1fb59,8.041083282031435e-07,-1
0x83dbf9f6fec1d59a2979397424be2148d9c556e2,5.223057764737918e-06,-1
0x84282a0d37c4ba71309071575d55f2bafc779c82,1.3765538157717092e-06,-1
0x8460c4b782acc844da07e169e06e9a4fb19da0f5,1.4120135232256102e-06,-1
0x8482694d9bbf434bf2801f49be04dee5bc459d07,7.203147490145621e-07,-1
0x85d5bd326078f2879891647d9c2505d3c3599022,1.2169994548614078e-06,-1
0x8652a73c8c5d7b0e2d66bf548aef0b6f11c7c1eb,5.691511084231884e-06,-1
0x87a726a806f48a435d8bf627678c85f26b46c1b6,1.3576595735576328e-06,-1
0x88812b4f3a593bcb6faee35fea189af677d6d00d,7.336972102209196e-07,-1
0x88aad701c39aa2acd2cc170bc7c90750cfd36da1,2.2901585706228135e-06,-1
0x89132efe9fa560caf50d505273502c975e4805ab,3.7031593404425974e-06,-1
0x891408d5f39590c66a6027582d36f6471e33738c,6.590039043210405e-07,-1
0x894f4bdd9c09f5748bac8c82181efbc10aab658f,5.174440388699144e-07,-1
0x89b61dba1332032926967cc935d17e4d61b88ce5,1.4033064431719432e-06,-1
0x8bcf7a888c66f635ac4a2caf42a8dd12a3b20b14,8.729255358783711e-07,-1
0x8bd095444e47297c6355738aaef9d088c144dd87,1.7568326174141698e-06,-1
0x8c4e43f8180e43a0d9996a46b980e512ca023eaa,1.2780898191724406e-06,-1
0x8c57e3c4af5b1ac13b2895db009cdd7eaccaecf1,7.289542470808477e-06,-1
0x8c7579a7da5e61278ea6a65b11b748c0cdf32811,6.971658198494247e-07,-1
0x8cfe260e9c32ea92a9b9abcfce743a07c1933498,1.9523120199090964e-07,-1
0x8d560cd078ce24220432194d3d43bb2623620c01,6.606541737611417e-07,-1
0x8dbc2ef3943cdac4df2d18f31099121d5f250282,8.425938591681795e-07,-1
0x8f5a760b77fcddd0b2adb87786510e87346345e0,2.793493953839078e-06,-1
0x8fcc8bf64de304c53a9fc4c34925bd72a6c934a0,1.260988403596562e-06,-1
0x8feb3c0e3ee18dfb4a408011510f0998ba14cbdb,2.9760174253806888e-06,-1
0x9075c8f93cd30c1015e6fbe9718f0bf2dca4e2f0,7.58682556047674e-06,-1
0x90dad6c5d04d416864c205fa961aa7d5b2d29782,6.878188157175739e-07,-1
0x91708ad3c4c8c060facf2900b508e030edc26c61,1.155903084372467e-05,-1
0x92b585bdf2d67c0fe321108b863ca4617dd39fe9,9.141447015375671e-07,-1
0x940587add074ff0c4dd973b46018af4a73a81f36,7.986689803729857e-07,-1
0x95b5653dfd12b0bc13c08297869621c9650aa6bb,7.831101607097868e-07,-1
0x95bfa1c0b133bb39364bd0f9feb8390cfb6a8af5,8.819949114379538e-07,-1
0x962068a929dee5574f32bf8bbb255a64fc925471,3.225324014854136e-06,-1
0x9690bcfc1639abff887c8fb62b48ab787b2dba3f,1.2549408865975965e-06,-1
0x97a5b11030c9da93df7ae7cbdeac024c3be3d304,6.821504511034685e-07,-1
0x9803e982c4eb6d9b9e416966814e7f9fa4363bce,2.8197556707690784e-06,-1
0x9859d1542cbe5e17f3fd30501e900a7054e293e1,1.768546585918907e-06,-1
0x996a189d8111a11e33ce2d37af415da0d608cdae,4.203253715279951e-06,-1
0x99bfe8e92dcd439ec785c8d809ee2b4c929734c3,2.739027483776562e-06,-1
0x9a377ec81c1bd51d31170bf8d7a7b6c5fbaded9b,1.0423092492559659e-06,-1
0x9ac27337bda3e211f6c7faebca314818c44d5dad,6.103898862011265e-06,-1
0x9b5b1931fa5838a891973f9877c7648c93ee80cc,5.492988677501453e-06,-1
0x9bc5cf674521a6e67f512ec1f46042d99f98e267,1.0881361911553187e-05,-1
0x9c2a2a966ed8e47f0c8b7e2ec2b91424f229f6a8,1.705078537690469e-06,-1
0x9e66cca6526806155713e412c33ee6e791f43459,1.9252096924681392e-06,-1
0x9f856f256a6f8e3210d3d00ca29671c36ff01941,0.01216052001869088,-1
0xa01763dcdf2d7e23c3832b309a67ae51b509e910,1.4850354636188529e-05,-1
0xa0d024842a0364a1b1ca0cd09b2f1235acf87879,2.302968294751928e-06,-1
0xa11f83cbb07fd0327415bd424b986132e009f643,8.876731843745905e-07,-1
0xa16991758e40c934e9e13d009a692851662ce00d,7.685684173909506e-07,-1
0xa1b6d8efbcb2fb750a84dbc05649fa4968034f04,1.4858453780669791e-05,-1
0xa231526b4905f25491d6a7577315a05f99e768b0,4.6435122914027824e-05,-1
0xa2dfdd8293df15f840267e499cb9a3c10ce5c986,8.589372976690451e-07,-1
0xa32533a01bfca623badfaba89fa28c079b8671f7,8.012687900061188e-07,-1
0xa38f19c4ccbcfd64cff676d72c436f7e6239dccf,1.0466103576422367e-06,-1
0xa4be91acc74feabab71b8878b66b8f5277212520,3.341280106774031e-07,-1
0xa5040f2091420d5b4e6457ebde207f89e5421b03,2.9710054018894325e-06,-1
0xa5367338a7ed2e1387f762aa0fac9275b917690d,2.2819973843407247e-06,-1
0xa629738ba2a95783b177764116a511de752dda43,7.304376419973719e-06,-1
0xa67ba7efa5c2bceb5239d9740a20c9eda9af7fd9,1.2712948966616725e-05,-1
0xa6bde2bb456610730be4279cb14d75635543f781,1.1865361700056663e-06,-1
0xa716706dcad2e4460a53b304d703b9a2c4450b22,5.734735905614885e-07,-1
0xa72dd12b9329e6efe095c030f361131604a79586,6.190159013596109e-06,-1
0xa7bb99a56c80276c95cbd231cc1f222c465755f9,9.280853513447596e-06,-1
0xa7c6a3c3e6239b68a40c998c958489d03e66707a,3.2459255617517663e-06,-1
0xa8525ac9faf31c382f1d4609c711dbad04640b5c,1.493655951490878e-05,-1
0xa853a60b728b8ccd5e228b7e6045b826cd6eeb0c,8.086477210649712e-07,-1
0xa880d6cc607a05ea617307ab3b0d335e8d8424ee,5.7435405435150515e-06,-1
0xa8ccdcf9a2256a23504133c8ec1b04bc12a516df,2.8248609137214625e-07,-1
0xa900092b2562235081d9a775aa2a26cd1b19c425,4.681032117703955e-06,-1
0xa949c5d04f305efe3b65e41325de07668e1a9ee3,6.313383839640859e-07,-1
0xa94aa4b150f708432d80d2db631832804734d705,7.751215103777621e-07,-1
0xaab4dfe6d735c4ac46217216fe883a39fbfe8284,2.030151229923911e-06,-1
0xaacb5380c72eb4780ba6f7247075aaf9da835883,1.7563360003453012e-06,-1
0xaae2f9fdd478427fb1ff1ec8789ed009347c5745,6.143745987417407e-06,-1
0xac19703271d8ac125620bda0c77ec680692f3dda,2.751597350222989e-05,-1
0xaca01c9d52c6a2a439651d5be69cbfa0873628ad,4.536609488047785e-06,-1
0xacec3accdb28be1e1e7fd2fd06e153e382fa6063,8.963631053784623e-07,-1
0xad4518b0dd47c6601ef2bd8e2c19dfb4baa5b8e1,4.57577695548986e-08,-1
0xad59dec129b6f5b3543b04492a603fc45b2e4fc5,4.420585045802465e-06,-1
0xadcf1c25c9417072708271e8ece7c3675e2b2be8,1.488381847149291e-07,-1
0xaded86bf6e6fd72f78dca132af112fa36230809e,4.146364932118286e-07,-1
0xae68ba3561e49dde6818a8d78a4570b634759b24,8.087167910573955e-07,-1
0xae92278e1a194220dfbe209f4794c7513ca7f580,7.181547091953477e-06,-1
0xaeb9524147d59190fe3652d3215c3b3f50f391fe,1.6287521349467192e-06,-1
0xaf68caebaa151dd592112a07e2344b3950e13561,1.5982933767777454e-06,-1
0xafce8249317d554902292b5590b08ddd8c0df713,7.122779749138908e-07,-1
0xafe7a09e5ae06f04a6a52813c869d01dba501520,2.5521898633611266e-06,-1
0xb002318e7800836974018ab0cdce6a69161588ca,0.00015472741283054802,-1
0xb054e71293e24acc83b50880d31ebbdbdebb9ab2,1.0947963485886345e-06,-1
0xb11259b152b5c32eed8d788a0566775b57328c0c,1.241152410843942e-06,-1
0xb141e5281265988bc271244c29fe9b44c3f780e6,7.718677034927371e-06,-1
0xb20b39a15a72e203c752dfdcccc3c6a4e37dd2ff,1.277856069685536e-06,-1
0xb235769014bd63de9ef56995b291c26ba13bf561,5.6266930307128834e-06,-1
0xb294909b2b1da1fe6ccc963dc673bba9f41ccb99,4.808376529464933e-05,-1
0xb3162a3c788399d9ec236c67a5af083dd78c8022,1.5043246813722873e-06,-1
0xb3e343f5bcecced6325928a2c199b9a161f3e238,6.159421140309046e-07,-1
0xb3f876c9972339a1405346b1a8a27204f0bc154a,2.288254431291693e-07,-1
0xb58216005588bc45bd342a2525d52e05c69d13ac,8.101992891354933e-06,-1
0xb6210eb2662589db1eb6796c81d3f017645414d3,1.0017867048787701e-06,-1
0xb702d980925a5f73ac3ea995fc2bb63711d3f5c2,3.8719863661435605e-06,-1
0xb743650b4f77bc022e0f5cd7dd7b742d791c521c,8.153765283285359e-06,-1
0xb756c89e73c8711a881c009e10f79b1566f80cdb,3.043840010036741e-07,-1
0xb7a869db5c694f5fd833b158983f351a9738262f,5.7028640087944525e-06,-1
0xbb160cb61e694570f9d570f9fcde7c61dd2143ad,1.7970738693887228e-06,-1
0xbb8809c3b90f2b7a8d2ad576005e596cb79a6330,4.299910278143171e-06,-1
0xbc3dbd1006c3147e210ec6939dbcf92e9721b1dd,3.584036976508856e-07,-1
0xbc433ba7c34752448c5361e5ed3038628a1753b0,2.7794149777364816e-06,-1
0xbcb75d7fabb14f28f43c109de116d28e15dd789f,7.505270197107133e-07,-1
0xbd03ac5d302b76deb5820117ebfbb1600c718a47,1.9121231051461294e-06,-1
0xbe524ebfc0092dbb782f7022c473aa76fdbae9a5,1.1200982832816416e-05,-1
0xbf04052f31859d1ce62f473174320342b48eeae7,9.549168115945584e-08,-1
0xbf1935fe7ab6d0aa3ee8d3da47c2f80e215b2a1c,2.501568735828854e-05,-1
0xc0ab956f36d36f6c1fe4f50450407a832ad911f3,2.879954955409936e-06,-1
0xc0c0bf18b2b5cb27dc25054be25f977e0c330393,4.6828388502122984e-07,-1
0xc103ccebeef6d0f4cdcfcf3702267570c122c2da,1.9368339790677317e-06,-1
0xc1f8aa0d8832aaf9986673c2099d8fa0fab618db,8.889894308229085e-07,-1
0xc29942b172a7f8b9d95f5bb221a077a5282a0215,5.965547412984599e-07,-1
0xc29d294b9c254d20ba7e20923f31a8fe91d4faeb,4.816083062950888e-07,-1
0xc2d4ff17906940004b25884779c74aecda24fb83,7.257840477850282e-06,-1
0xc2f3a965e92aa4017d17f925f3df337127bb02ea,7.596461970298637e-07,-1
0xc324f6282a0190386505faa74de5d14cf2cd1b7f,5.415962341490384e-06,-1
0xc37d58a86110db1e8090a500404323eb7efe67de,1.760099597872559e-06,-1
0xc436b9bd1ee5052be77e48a5662d5b095c3c5193,4.445172528814771e-06,-1
0xc4ca8f910702555f0ad3f81edf17dc82b0f98bce,2.1567364040715797e-06,-1
0xc6bc7557069f7ba9f38d69f63a891a78d16c0da2,2.3326558348273642e-05,-1
0xc706c87bcdc12747b8a7882dd047dc280b44d30e,1.4786819638747303e-06,-1
0xc75d9370c9f769b05baae78204a89854db920c1f,3.791836336092365e-06,-1
0xc81627434af14d5b35d808f40227d18d41c35c64,7.888236249700825e-07,-1
0xc81dd6c8424a398f48883ab798f4af06f1fefaec,1.0275556701011544e-06,-1
0xcaf10301d137ad89afb66759545def8b15098f1c,5.4110387926362315e-06,-1
0xcafe0099a4422a3862ee3612bb909c74fb767777,1.5642861078814745e-06,-1
0xcb15941180ed7cff8b3547117eca6b78cbdeaf9c,2.9662439941423896e-07,-1
0xcb525be5530b95a1f3b2056f380ad3be61a648ea,1.1223407981234068e-06,-1
0xccade4cff1224e46961a68964da1ffdb991277b1,3.5117951574956105e-06,-1
0xcccf52ee132b3e10fadab01ad69f69adbc0629a4,3.1518630515593142e-06,-1
0xccd7dc28a9d9a3774b973ab525b65ee6cf3dc0b2,1.6320383423741262e-06,-1
0xccd93fefa25bd544be61388fc0c537e60cb0e9d2,2.2467342202707377e-05,-1
0xccf135ab352d561a15eb7be2a243cc4fcb7f0ab1,5.076594776640196e-07,-1
0xcd646012715e42c750a45d3fefbeaba3d0dff33b,9.240290824408571e-07,-1
0xcde682fc64f38967b71cfd00803d4ba3d60e49d1,1.4424381619359066e-06,-1
0xce15923666fe8bfa84e9518b0f4a3512a55ac2de,1.548093272746544e-06,-1
0xcf75d37154240a64efd59849e1d5e9b29743de71,8.967609578750548e-06,-1
0xcfd732f96b1c156511198e5e2172e0895a7ca74b,3.567287466642339e-07,-1
0xcfda9610dd28e9ff74240a1d4136e87a77e6da82,1.5349357965406168e-06,-1
0xd08a4557671ca465e7bba41110a93148c90f9931,3.487035904078057e-06,-1
0xd36bd5ca74a91d1a416434d703fe20495f43ef44,1.3410905348737604e-05,-1
0xd3f65b9a79950f51af28a229578352595229b76c,1.6601073983284404e-06,-1
0xd5514fa84110c3472465fa799f1f4adaa45fb6c0,1.1933764928450515e-05,-1
0xd62e26d9a1105897f85359128a515bdbb1aed748,8.081535105386005e-07,-1
0xd63c228ea09e4d999f5fb3ed7d3529756e3a724f,2.483410270853735e-06,-1
0xd6792df4e2d5cccfb4962030ba3fce4628e5266f,1.2783591987343813e-06,-1
0xd7a678fcf72c1b602850ef2f3e2d668ec41fa0ed,1.354251352989969e-07,-1
0xd7dee6aa08a0abf95e8631645e1cb6bb923934ed,5.254403400763634e-06,-1
0xd8e96cbbcad00b28cefb95f8e14a2f076265771c,2.932299152698832e-06,-1
0xd943570f7d7cf91621fc667f4149ff832a8ae93a,9.695870180910911e-07,-1
0xd94606128b20680539a719b07bca6cbc30786a28,1.7782530543903966e-06,-1
0xd94d0db6c59f7e6fe3d77cec69aa817121b40096,2.2480927622373915e-06,-1
0xd96a3304ea0fb4b6bee6ad555e874802dcd1ddcc,8.357350237987667e-07,-1
0xd9f90dfe7b9375704753e53584e70e6d4f890388,6.921769090309508e-07,-1
0xda51323fe9800c8365646ad5c7ade0dd17fdc167,3.2597137536398717e-06,-1
0xdadac68f07a1d73f388d2f50494397715409ee0c,7.039689323223348e-07,-1
0xdb79fe310ea2972137d2a23658db0234902b517d,1.3355334223940868e-06,-1
0xdb7b0d23c740b81605c4b75543b4c1d40f9aef99,0.00033960027111438063,-1
0xdca131ba8f428bd2f90ae962e4cb2d226312505e,7.182245363428569e-07,-1
0xdd011ba1d024b692d9ea3932aad2922b77ece347,6.661453802102428e-07,-1
0xddbfce0b9e06f22f4dd411511ab99696f3a62330,4.537505054234461e-07,-1
0xddce6ae3db95eb2a0259aeeab3f6932902354830,1.3691318265751085e-06,-1
0xde22e70994ffd3748b78c82af635d8c584044903,8.63921050003735e-07,-1
0xde2874cc9c2943d662433ba8c2b8e9740c8a7792,2.607890517128488e-06,-1
0xdfee2d4f729723aed67eed4bfb7a998dbb4294c0,9.261385469706263e-07,-1
0xe082d8db0a9dbd0196a7486484274f1d469025de,1.4761632338495045e-06,-1
0xe0a8a4d427eef7bb1ba257323e2fcf42d5c558cf,2.9825680793294577e-06,-1
0xe225cc851fe119e684a28d82a06cc4bb7a2c7c59,3.632607156396021e-06,-1
0xe265c82bd7eceb1c29531fc4f204a93906c1e69f,9.826069389657075e-12,-1
0xe2823659be02e0f48a4660e4da008b5e1abfdf29,3.27176017150565e-07,-1
0xe2990ce029db870c805e90a1a8a1d8a1c52255d6,3.245588992935849e-06,-1
0xe2de883bdf9e7d02751bd4c80f81fbcfdc2cb7a7,7.625343950943883e-07,-1
0xe349b5c304e57aa379fce8254174ac943bd62b8b,2.851370776628517e-07,-1
0xe377e2f11c745c294ad65686635217ec765059f2,6.54887672731127e-06,-1
0xe383475faffd3a725a793c4f01adb39579922928,8.933831644924711e-07,-1
0xe383599fa27190359f8065d1566aa75097e89e2b,1.0360231966192425e-06,-1
0xe3fd4b15d5e93562839875fe21bc001e983632fb,8.084421819994885e-07,-1
0xe541742afffaea299b9224ca38695588791722e7,4.282088706787944e-06,-1
0xe55c9840eb6ba1c75160ed611e3c72bc438dca54,3.4477439726550915e-07,-1
0xe65c360b28bd3da42d9a07d97f500d8d480e8428,4.657981153216125e-06,-1
0xe66e3d7fe460384ff9189b6efc5b83a5f9fa3f45,1.2157014365611485e-06,-1
0xe67f141977da22e5c34d15c19b35f180a1532715,1.3052879845426975e-06,-1
0xe6fe2362f915d627ecbf401b0ceef3dd2b2b79bd,8.982484608656269e-07,-1
0xe7f0f118016a4b16617578da65f0b6be3c58b6f1,2.6273400654556534e-07,-1
0xe8681168f59af16c60c805dab7842eb75f127879,2.2512872920216557e-06,-1
0xe8758c2584c6fb39ad1f8cb1bb83619e93231ba0,7.691467039899476e-07,-1
0xe90bf24e807df04f1513d50002d78bfc22ee84d9,1.478593751868615e-06,-1
0xe9873814c821a97f5bfc7e504a162f51c20e8f56,9.229810279447665e-06,-1
0xeb1a6d5f7bce49a6a4b9abc57cdea57fce00630a,1.7644959688173146e-06,-1
0xeb76968eb4854230ceca285821591d09fdf2b94b,7.505794949933588e-07,-1
0xebcfa0e05df4c406f4a166b1318581134a8537c0,1.060236091405977e-06,-1
0xecd227b51328faba79c951da9f5e582387b7f89f,3.7689133040497496e-06,-1
0xed1fd08a946588c3847a7fdf3f76456ef9fcc854,1.9924190540953683e-06,-1
0xedf3f7d117f9bb9d7a7129471c50794f3d88cf7f,4.182104407954153e-06,-1
0xeec68ee6baa29e43dba177ce010c867d49b775b0,0.0001830292448654993,-1
0xeed00c28271a0b35d5c306c8b8c46379ec9c5904,7.477723305181231e-07,-1
0xf1702a21d7d3a5d4ce73d5f0fa4df35ade384f24,1.2193165218285395e-06,-1
0xf30bcf4f764ec0caf33b150678549822ae78a75f,0.00011375735066335652,-1
0xf318b7c7f3dd6bbf3b651efd3dcb161bb9f47674,1.999534585517317e-06,-1
0xf52032aa3adc354ae3a155f4c7f923a580f55706,7.39713779735355e-07,-1
0xf521c8d72af09309f0c50f9c3dd053fc7b013c33,7.848422464678553e-07,-1
0xf53cab0c6f25f48f985d1e2c40e03fc7c1963364,3.761188182441506e-06,-1
0xf582a7c87888714ca875a70b0971f55bde6eb148,3.231582665751892e-06,-1
0xf5830ff9b625b60131d82530c51c9e294a9f7478,6.840039880586742e-07,-1
0xf69f85924704c4ddfbdedd5150c176f576011bfa,1.7058272904426856e-06,-1
0xf6b534d0500813a37ec32494321a37c46268a98b,6.800073539914541e-06,-1
0xf7499ba3400660a1dcd9475cd5f334635047ce7b,1.14663944458177e-06,-1
0xf79d1252a6514ad59b4ea77834cac44cd7d49c52,1.688966234977258e-06,-1
0xf8eac6eb2efcea7b952f2e901988302d79c9192f,1.0858040798738512e-06,-1
0xf986f4a9f98a9ee7760b8dba5e71b7291df77190,1.27542185082328e-06,-1
0xf9b4cdd91db7a086d59ecac8b44725db0ac54f2d,3.911313458333488e-07,-1
0xf9de4e7c610b325781388dcbc39107b09c05dcbd,1.2368329092512853e-06,-1
0xfb7e2f3c47940af4dc4df67f716de542ce0a75cc,2.1997580851948836e-06,-1
0xfba30c4a12ea4503919d09d533bcc1f3b211c404,4.948452673223018e-07,-1
0xfc93c3010ea5668c1b6900a9fe87168b63dec145,6.816597197338248e-07,-1
0xfe3309bcf078e78dc65de26b3a34fcf04da3a83a,4.836783165216322e-05,-1
0xff14b7d0c7b16a425d07c7ef9cedcb8c9db8f305,1.4930577526088183e-06,-1
0xff3f81bf116731567f2d8f7f38c057fc9f4d316d,6.69810109158259e-07,-1
0xffefe1ba6f2c69918a603c755331e9885504ed1e,7.176968938642864e-07,-1
0x023a3d058020fb76cca98f01b3c48c8938a22355,1.2397882223393422e-08,0
0x06cecfbac34101ae41c88ebc2450f8602b3d164b,5.617920047369795e-09,0
0x0748e296e5a350ec36c8487a1cea406e1b57d4b2,1.1278536904470073e-08,0
0x0becb107c5defbb260cf044e400d4af503eedd34,1.8109782885817803e-08,0
0x123dbca6a27005a3c4ce10cb66ee8ece8fc13bff,1.9028915210260104e-08,0
0x162cc7c861ebd0c06b3d72319201150482518185,1.641178447622331e-08,0
0x1a5612386dce50174bd467498afa607df418d7c6,4.739308739136053e-08,0
0x1e771e1b95c86491299d6e2a5c3b3842d03b552e,7.991965316422856e-08,0
0x2025137a136bea7446deba681cbfc7cf1970840e,1.1880192197246997e-08,0
0x203f4c410f3c35cead9f35b6de2f66e773d7f26e,4.1386377670236004e-08,0
0x208db9f389989c5c387cc3a2620cc5251eace716,1.1401814131694883e-08,0
0x258a4b8a8447c61aabf1bef9bb14ee4d69efff03,1.811586144070448e-08,0
0x27c9fa86c91b84ddfa15de58c482ff662498d65d,6.103464927429389e-09,0
0x28233e5edddfc9f71f0cecf58ca98f6a2ca11f43,1.4483455380795033e-08,0
0x2cd991f48ba31536a96b772536a1daaaedf150ae,1.985831872417142e-08,0
0x31dea2516beee92135b96f464eeec3cf292a13f2,5.668659295442959e-08,0
0x35d1151ef1aab579cbb3109e69fa82f94ff5acb1,7.828768562216963e-09,0
0x369daedbefcb30b82154338c8fd613a70c60d251,2.484756018147327e-08,0
0x3a122449de235a40481689442271c0731b805d69,3.800851570714135e-08,0
0x3bcae23e8c380dab4732e9a159c0456f12d866f3,2.2235920687613305e-08,0
0x3fc56e944aa7b1594c85861b2d46a07f82a2c0c1,6.953765073766067e-09,0
0x45d26f28196d226497130c4bac709d808fed4029,1.1528093006680176e-08,0
0x469e9a7f624b04c24f0e64edf8d8a277e6bf58a5,9.10648161166247e-09,0
0x4a96036fb1529561fa3eeeb2781fad2d4f25500e,2.5515491409626387e-09,0
0x4fe53e953f1ff4454d144cb6f4fee3f2ca9363fe,9.166269660378898e-09,0
0x5559da6ec434c5723d0ce9c4da7f29e3f8a3d43b,1.835698363784619e-08,0
0x56cd86d6ef24a3f51ce6992b7f1db751b0a0276a,2.7583419515398985e-08,0
0x570b09e27a87f9acbce49f85056745d29b3ee3c6,6.784302291717925e-09,0
0x5d2f4460ac3514ada79f5d9838916e508ab39bb7,4.78259980596336e-09,0
0x67fcc46ed2a63971697dad2fc7bb0091fe89e51d,4.835009286060608e-08,0
0x6bea81d7a0c5939a5ce5552e125ab57216cc597f,7.373335756505427e-09,0
0x7717a7a245d9f950e586822b8c9b46863ed7bd7e,1.4563385840537207e-08,0
0x79cc76364b5fb263a25bd52930e3d9788fcfeea8,5.053045180084465e-08,0
0x7a6d5fc57f6906f337c48fe2763c3a501304f79c,6.5091761294331985e-09,0
0x7fdafde5cfb5465924316eced2d3715494c517d1,9.10097053583291e-09,0
0x856c35038594767646266bc7fd68dc26480e910d,1.756556083523574e-08,0
0x8607a7d180de23645db594d90621d837749408d5,4.8196741323499106e-08,0
0x880ac484a1743862989a441d6d867238c7aa311c,5.903498472737543e-09,0
0x8cc94dc843e1ea7a19805e0cca43001123512b6a,1.2060015828068397e-08,0
0x99b1098d9d50aa076f78bd26ab22e6abd3710729,3.867386479697559e-09,0
0x9eec98d048d06d9cd75318fffa3f3960e081daab,4.321705410594974e-09,0
0xa312114b5795dff9b8db50474dd57701aa78ad1e,4.632745906134382e-09,0
0xa581bb0ac1a7ec393e76ccd45de2bfff6146e213,1.6071764279767062e-08,0
0xac7476e14f768e3e67c195e79c2490dd20c70127,3.455258810491838e-08,0
0xaea8e3bd369217cc6e3e6abddf0da318fba8e59b,1.1658807310581081e-08,0
0xb3e475368ed0fa0ad23c04de0423d48a0758806f,1.2983361598834928e-08,0
0xd0254dd9c10498b256b6ec3bd8de37a9ba4329de,2.317829733372177e-08,0
0xd487e26c62ed8c28ce3cc70b5791e501c2934982,8.128763337597943e-08,0
0xd6ef5649200101eb44ce8949f4cfb167b0c5a07a,2.1272550089783583e-08,0
0xdbd1bac81ad581c7198c9d155ca468f32a0c29dd,2.1423973927125155e-08,0
0xdcac85ecae7148886029c20e661d848a4de99ce2,1.0284334327855093e-09,0
0xe02e420ec55b4e03924d77c7b342c012541ba2d3,9.084791977798207e-08,0
0xe86b057f5eb764c9738d6b0d38170befd0723664,1.688865411116484e-08,0
0xecb63caa47c7c4e77f60f1ce858cf28dc2b82b00,9.720013616874804e-09,0
0xef5fdcefdb38803a654ee9f3539bed8058443d99,4.354333692701734e-08,0
0xf62edeee17968d4c55d1c74936d2110333342f30,7.17489890415617e-09,0
0xf83ff544ed6f00fe7a74782aee3fd9ea54d96728,0.04999877228358497,0
0xfce053a5e461683454bf37ad66d20344c0e3f4c0,4.638429937296259e-09,0
0xfd97600ac44b3c4e20ac1a5f23e3b18d10fa5912,1.8662816510885385e-08,0
0x05c1a240d17b2459b9bfe2ae4c7dd53db5031ddd,0.001304401020530208,1
0x085db44e424331c3036e3ebaf7c7e8800b2cf1ac,0.0004041311155087168,1
0x0a8817c801b0801c2f2acfc8778a7cd807161e07,0.00025836151553713287,1
0x1ee9c17b393a85f0b237e72230016b2c16b9acd3,0.0027285135481792066,1
0x2c352e53a2b471b0d98f00d6117ee40e708c72b8,0.0010635054443947323,1
0x3f8793d2a0ec69f0bae47140886039a4dc63a960,0.0011718822445119543,1
0x4e994d450c7c710ba4baeda5e249acc71f80aa1b,0.0037458935191615737,1
0x6cc3dbb19a92839e7972a8097a092f1aff4aadd6,0.0011377541307668534,1
0x79ca2977402aba6b2e45504b94e21124f825a860,0.0008759357929870007,1
0x8eb3f4d468a9763ee66ceb63a0c64b7044c2aa2d,0.0008375112742227852,1
0x92c9d75ef853a2549dc460c2ae527fa9fb32112a,0.0009059042040543177,1
0xa2a31c959a1d63964b20838219e6ac307b248d18,0.002242889298073215,1
0xa5b1bf0579eb8463be37f5496e3e8878a63c5da2,0.010762081880429195,1
0xaf8315cb34841fab2ee94c229e45dae7901cc217,0.0023650597256204726,1
0xb05ed8d08af44a4decb46fb24a27302921be5917,0.000767643531696959,1
0xb786074078d2cd10146521b500cfd8a154c13b2d,0.0005688818388025,1
0xd2f03635901956b950737bbf02463dfad9f2e9e1,0.00581364761724647,1
0xd7dc29918d5869a6715e94338316529d5847a6f9,0.003635856721520896,1
0xdbcc9132a5cf4dd5a2c4e1b5903f8c8038ef5928,0.003314141191338464,1
0xeb83e695adcac2e83f290d2d2815fc58e6491d7a,0.0013507258703236633,1
0xfb494ccd5f9440b28ed663525b3151cebaf4e8e5,0.0017932851124932972,1
0xfcf104006bfff47695c1dc21dad3e9de1e72098e,0.0029519934026003966,1
0x105a8501eae3aa9462a47568a2de12e421f75e5e,0.0002606963693682722,2
0x166e9c3e0bc7f1045a251f01c7e3a2307623c68c,0.0002863875490941796,2
0x193c6bcb33eab0b35989f2b6d1acc922b66409f2,0.0002851025803820564,2
0x1a6fed4bf6ae595834e6d2d56c72dfee26e99715,0.0005991406590448604,2
0x2431edfcb662e6ff6deab113cc91878a0b53fb0f,0.0015095056853281455,2
0x2c841dc4b15bed72a9a6e98951229951fda18fcd,0.00043345866561951747,2
0x362c5006ed0a405c35df4a138cb38d891f1a1a20,0.0006440439029227102,2
0x37283486c96d2b9690cb9296292e6e354ceffb4b,0.0015748097376094426,2
0x38f6b8f24a984b98146086ae74dfbbf862de76e7,0.0003961571971037791,2
0x3a6747c8e913085e243a2c22d188dafa8c6a612a,0.002874701138084762,2
0x3e54b5ebc95c0fcc1b059207576cbaa7b0db1c6c,0.001354265844186937,2
0x4e7cfe8e3e20284ba246978abaf301c5fb0ccc9c,0.00043809756406890034,2
0x6049ddfd35e4d9098a6367e36023f2a36792b642,0.004233876156953724,2
0x6b44fb3b080c233c6cb0b2d70f4b5694fd528572,0.0005687391110709621,2
0x71aa6c4e87225fcae2df49f977c7fc0d1e8d2112,0.0006181689155846024,2
0x80f80b9cbad775b4fb9d699d34f5c5acc4615bdb,0.00026835239063423814,2
0x85d09eb8fee0f8258c03203c2f659ddf2b2620dc,0.0004490396842492569,2
0x8958d618dcbbfe55d8c8c55969390277d6088fce,0.000773947496222813,2
0x9660f151ffe595afc65e64d38a55285ed8fd2021,0.0007373618048953874,2
0x971fc0c9becffd708c52a195b8a87c27359e77fa,0.007942588001948985,2
0x9cde2b9d159036d49a9cb98d0560efc928c139d0,0.00041866539806759796,2
0x9daa04af6eafd1ca40ee14e4aa134fbb124cd977,0.000525826868387767,2
0x9dfbb2ba3d2c3c714256eb6832e9aa742ad793bd,0.0006156831423406197,2
0x9dffaaf1f97fd0a17ed02bddfc48843ccf7b6d8a,0.000993559847605624,2
0xa24c5ca26c41cc52aeac1d6886d37f6dd5d6949f,0.00138601298194678,2
0xa415c4ded17cac76a1d81a54d9f4aeb48ffd4dd0,0.004548913119682368,2
0xb4ab53a1392816ac685be2f60d6e807dea91d207,0.0042538006901940775,2
0xb847748c6119d1d91a6613d549d041242cbd1c24,0.0005694578271069685,2
0xb854f7f40f0f3e1801fb6d8828b6f6dd97ebf33b,0.002268114901734891,2
0xbc5bf88fd012612ba92c5bd96e183955801b7fdc,0.0005457135028203666,2
0xc43bbd40a1bf61e27315682b8e0bad6243a50708,0.0007615372121686355,2
0xc8160b24922664d9b3cf7f0acbc149dc33917d15,0.0005747377164636892,2
0xcd6cd380329759474d36c2fbc7b9a13177f38bd9,0.001856701037148057,2
0xd0b2fb4f0db4fab3551d55b2cfbb5fc122543723,0.003285426178962383,2
0xe06142615991dee64ca813085779fadcc70431eb,0.0002960485528445217,2
0xf5dd745bcf393686ceffb6a43f7e7b4c172aefad,0.00031742749372207755,2
0xf970f3cc94919eeab9078899cf4e0c808ae1dc06,0.0005339330744300476,2
0x10437b1650f6b1133d3eba32fdc40ddf42e9d5ba,1.7567094066244278e-11,3
0x128fae9d18a2f70d98a03c26bf17b67d97ce1f3c,0.0022166717829236256,3
0x274a2740c1cd14b63f84014ec084493d6ea8dbca,6.213845806223802e-07,3
0x29a536c7bd11e04efd59847e3e4fc3ad350a2bc0,0.016062798336857514,3
0x2d5830b16f7d9dbdc12024bc6df011859920f320,0.00037969762127452366,3
0x31323f632ecf0918fca1556ef835b1c20805e248,5.251458380837414e-05,3
0x464210fe13b2bc741954c48218d124c1934f103e,0.0024394831073112607,3
0x5649d9106018022ecb11df36e6f585e42ae8c1d2,0.0006318884707769943,3
0x56ca414d41cd3c1188a4939b0d56417da7bb6da2,0.00032868363319461596,3
0x6f16ba3b8c4d14b6c1dd0cf4d21216e9a9cff798,0.011950568749797162,3
0x75fb160bf71c80e7a942c7f755ff0daa69ceab14,0.0017300578140557509,3
0x7763b3d00801eab61a969af0f1f32ed176362000,0.0015914389889403033,3
0x7dcd3d37c2715ba41556414bc50decc1eb573474,0.00035889134558756916,3
0x7f5943f48e26498413713bb1510adb20f90d0e3d,0.0049928979166990965,3
0x870a25b4b0d56cbee176f783b9f1031d6c7590f7,0.0014800680157282895,3
0x9a6c99729b04dcb806ff75fda301eb70c41007f6,1.1499167771201925e-11,3
0xbcad74149199712897f70f80e6e088dd215fd65a,0.0010537795003000264,3
0xcf2ceb89f5346b2fe75fd1b5bd0e24c0d449ec7b,0.002712807922258174,3
0xcfba52024ba34763daf16b85dfd9d88deec82897,0.0007502362483633159,3
0xe02255c3d6221dc05e81d2196179d5192a1176bb,0.0003918065836386767,3
0xea2a2ac89281d1673e5018f60933970626905285,0.0008750879648378534,3
0x0f7a453567401070ddb6b4ec82f97bd78b857c04,0.00022435994531483505,4
0x107bb210d5091b325ec2da0b10e8929d4f0044b3,0.0037733108488240494,4
0x19abe6cee288384fac7e132518088322905bb027,0.007403208952621878,4
0x1e32ab6deb18952c6625e6e65628bb49b5d0a768,0.0005093617422235816,4
0x1f4ab7e9acebb8b591e74b81e34bebe8be9bc934,0.0007314561174081151,4
0x37de2f99bf85ebc078cfcfe6bbc6b58f5d8c0b65,0.014473926923947169,4
0x4802223a6e38cbb730783923978a5aabb7ce7b2c,0.00026455354770832986,4
0x4f23f946562d26f62a80c06b4a6909da371cc4f7,0.002616637670141583,4
0x5987f1a632e283403c4cab7b0ab1d39bbd43515e,0.0005231540261175857,4
0x5f496c4c1b68633c859f45dea8fdd56e2d01971b,0.0004364308692588906,4
0x67cb2a595c76cefaf66a64392bbc8cf88dd3f46d,0.006337140245626211,4
0x69734444a9c9954c21d83b5f062802909dc5112b,0.0002479160715481567,4
0x697c8c14cc04181b26d227c2e97241e3b1e61207,0.0003790170878498965,4
0x698077864c25a27b46e454885ac18633c464ca1e,0.0005556073316894479,4
0x6a4fd7cdc7964f396a0b672254e14ee43b5fa59d,0.0018461833120953061,4
0x7361367599aaa8c987159d216c87270ccddb4ec6,0.00020949097498403885,4
0x8477e447846c758f5a675856001ea72298fd9cb5,0.0006728111038434966,4
0x93d06fe55a98b64ba0b465f24f2de9b6676b1f8a,0.0003576254683342218,4
0xa3250f55202d57bcd7b04ab5fa256321eb44e29e,0.0009963096852284219,4
0xbff1def5f6c32475a57bbba43ad4f31acf67b1a4,0.003553224225958094,4
0xd26a77be873cdc25f0238634326f85986e6cbd1f,0.0004623709041299085,4
0xdd594463a4a809eb8bdb0f15b060aa38573f6a14,0.002810739710799265,4
0xe01ff44ed40070b19cc967b4f062c1b633f29195,0.0006151632343475283,4
0x0c0153672cce9870b4658cf07e4c8e2a21918f81,0.0006594874820087083,5
0x1932fe080e333c5b07fda595d369362b653cdd4f,0.0005029724372158413,5
0x1c2aa40ee858e655d18b5e5e9c17517bda099824,0.0024321497424811085,5
0x3ea62c958667c93e769a9c80a9acf7084f53fe7b,0.0068804164771100315,5
0x4805e9ed801dc620eae5c7c6fbe76b0f89537a5a,0.014953157238174863,5
0x4a58938dfb597c1dba490c8c44f151812e0606c9,0.0004805528127228831,5
0x4f0a6c8549404112b43edacad9218d2444a18487,0.000631782243307528,5
0x50f266d501093145fc8d0be13b77b5be117abcce,0.0004385223256190307,5
0x555187752ef6d73758862b5d364aab362c996d0e,3.5226110607952837e-06,5
0x737ea32b0458103019a2a95a55bac57cbc834d44,0.0030407728010082963,5
0x775054e47172f14130eaff0fd60d7477f8086acc,0.000631419762743968,5
0x7810bf10e7e275fec9c18e043c97309031bdecc2,0.0007290237354092636,5
0x8f5ccf802718cfdd7051ab90c40d2fe89493468d,0.005192722095623993,5
0x979175e9df167d049e786c6e38a819dcd1c27a23,0.0005852890592220442,5
0x98c40917c68a955a7102e667de9bd39677307b2c,0.002556310794092455,5
0xabd9bf5d961cd5dd2f40d0574334649661802e68,0.0006266920491814638,5
0xb7789ab9f0d568e0aa5469e3cc8eff8682fc8673,0.001114360737446808,5
0xbc96c07aabafbd813a21eb88cd4ce4a5b458c9ac,0.003265971795220073,5
0xbcf828248672d3cdd7e8e375388f05c6be0ae47c,0.003109806773917405,5
0xc8c1ce90ae6e5afbe5a62362b3ba30664b0602da,0.0007563639075563952,5
0xda2a9a32ce481b006dbc39df72caa953ec455d3f,0.0006011294843248277,5
0xe3ae260fee322b7ee0ef4e81ee645705b3cd63da,0.0007135507508050336,5
0xf4b5dfc9beb2fee17f9f3aa67d7d4fab3e6b8e74,9.402288374718489e-05,5
0x075c707b6c1b95405cc5f00273ab1a2a946bb384,0.0005097663145119376,6
0x0af66f3571761d7196b713ff881609d7e7456fe1,0.0006060535113288268,6
0x1188e4d6c751d79e27cbf38309803b998318a7e6,0.0012102029140374205,6
0x14e2ad432297508f8ef3b26d7e99e81d64d05b57,0.006168680449872817,6
0x2f062d9aa98209d2c79a744b0d4ef203d363b7d6,0.00040843816392048716,6
0x3966b0b9cdc41eb44dba2fce775c1b5d2248b1eb,0.0005225006652606364,6
0x5049695d6faacffd34f2d24f3f0ff8c64d88f71c,0.0007354801758245917,6
0x53f2736fae551c998d4e72e519f1acf474264de4,0.00030147512462692786,6
0x58febd84d38a93165e5c3c8e7b1a9bed371fcd1a,0.01624419436361568,6
0x5a7581618829f377a16be2338eabdd03fece0eaf,0.007235464726696364,6
0x6195e397e225cac7a04af74cba2d7ddbba1a419a,0.0008029885239867675,6
0x6a9e7566877b52b13b28230b5543cbccf3685870,0.0006403426916117984,6
0x749af60aeddb86cd0aa41e50f546097528ec9cd9,0.0005802840645586294,6
0x7ef1c8219dec5cfd8ee71c7079bbe4c02ae5bb34,0.0005878921432370212,6
0xb2a7131040bd752a98861dc8b2089a5ccf767836,0.0005599773014901869,6
0xb49dd0f80e827d59027dae0da689adea7890c2ca,0.000460417896359274,6
0xb763e8b9208a5a0bef08f200cfc76c0d03e7a5a1,0.0010918086676593912,6
0xcf7cd8def28187571127c54162bb752200efa547,0.0012832320352285681,6
0xe113311f35a53b196c0ab3ed31ad0bf937cc5c07,0.0005542050497974811,6
0xe8adbfeb2112b81f640df743b7919c3d68afc078,0.0030540840668343066,6
0xed7252ec32d8e8603f0a552b4a6182d5c17fc28c,0.001065908729681573,6
0xf40f793ba6bf4ff3b7a7180e4da9c721bea85c69,0.005376602419859307,6
0x0ac58bd133e96a6423f300a583e3f8f7811eaf21,1.1029135747634086e-05,7
0x0e1a27b09821969de9b3b219f98714bdd695e4d5,5.111380989988922e-06,7
0x0e21ecedde58a8e077ef669a163044e70a62a3fb,2.835403267883289e-06,7
0x1487af3ebe050d379b5b6157e41b41cbd4ced372,2.1953726846932957e-05,7
0x17c5b01bc17593bd9647e98fe7f292b32f6ed4f0,3.929568928610357e-06,7
0x19a837a58f819970a3c044222668ce21ad9fb557,2.3730475372283393e-06,7
0x1c1d478336767da180097f48009d147f99aae1be,5.778858869901571e-06,7
0x1d34b0720df49e1bf9cd14e285d1603c80f69d17,5.133038062587353e-06,7
0x2120bfebdc23133444f43fb2fda64125bd2a8d86,1.2595655797563021e-06,7
0x24ecc0841eb0ca9bb60ce585b886c826cfd62d8a,2.064656027584698e-05,7
0x31cd4b7287a55c358b34b7230a6c70abe7d8ceca,2.487380977739483e-06,7
0x3e0a05c7254ffd8eb2e75adc89ad785c67ed2f62,2.28484723695243e-05,7
0x426c1520e4d07f968d224886878646412d37ad95,2.0409933274667093e-06,7
0x445fc160c4ad86f57b64d6e94f4f80be1ac7039e,0.00014539539347065692,7
0x48b5c751c2d63ac9134ce31f8d3e08b6836f6ee0,1.1423078781182087e-05,7
0x526aedc92fa08b871293def33e978de997ea9955,1.3552543984020143e-06,7
0x54a4473edf9330e26ac9c9afb3a68f1ed88df865,2.2065247263560013e-05,7
0x5e196385ab94dd1889cb7f521ff74053ee423cf8,8.954754579186976e-06,7
0x641d975e362e5e5cc95ca45347a0bec0b8aba1bc,8.805480075418881e-06,7
0x683ab53558dde6e8d0fbea7e3cdf15a6d8bdabfd,0.00016986390635196516,7
0x70a9e5003826370c6e7bf388197c99b7473d77c8,5.356358307472285e-06,7
0x73995eee247170539a46aa715fabbd4d5d42b55f,4.856199366214838e-06,7
0x80f33ea11788d31bc2183184f88ba477bc8d7052,8.283451518056395e-06,7
0x8411c8af358e94ecacf0bbdc80d01f1f6293dab3,1.4521324508520292e-05,7
0x890ee2210dc42e041dac383ec776be6d31c9fdce,4.329292950435764e-06,7
0x8a249d31750d727e6a3a7b534255badd575aa26f,2.378716311098548e-05,7
0x8eba4259709e04dcb93d1b775f3d84906535b18c,6.608575759071564e-05,7
0x9c1e6856dcda3d1f163ab7bcbca7f3e0db8f6df1,2.421245542169541e-06,7
0xa112c2ff4dcb953e711daf1cb9f100dca4a869a0,4.298584587996839e-06,7
0xa43bf99cf3367cb68eb5215d414e57fb2b020c87,3.3527656684500204e-06,7
0xa5fd942d4badbab4fe84a9e10f565dd40d5f15ff,9.760727402901613e-06,7
0xa970af0bdc6e6e24f909dc34733f3de10c7b5cc3,3.841783016042093e-06,7
0xab7f9f687c035825ab5bb338a942b39ef6faf0c0,1.6612391210031132e-05,7
0xbcb538e3ce3376131eb1930ffb5e583c11ec42ee,1.6423326871494954e-05,7
0xbf20ca628a724247b290d10c6eb1cf7dad44edf4,2.0583006243179052e-05,7
0xc5981fd0eb8c61f65615ff75a1d093661566a0ef,1.2937142429402817e-05,7
0xc9ac7d67d204257cb1063c710630c676e05fb378,1.9159312055429786e-05,7
0xd0ba237c3deb33db6df9508975474d3d48c31d3b,0.0005901940593189539,7
0xd68ea1233b1256ba9dd6a28395c00368273d3366,1.9336853551657833e-05,7
0xdb39f2c361e98e9232f346266dbd7016f27d1cef,0.048560498376752734,7
0xde95b007e425cacd9c1aeddb8415f936b4d84c74,4.638476651763923e-06,7
0xefc5cc5fd323efcaf41370caaf090156bb49b69d,8.872996361364929e-05,7
0xfa7afda0dbdf010d00466209664eca6c0bfebe9c,1.6800209958893067e-05,7
0xfe348be771e68b900b7c5e718d161ae72e063c0c,7.90198007137566e-06,7
0x0a04907422c1c70d26df8770bff1b17743d65cf1,1.1349774123805258e-07,8
0x0deba253b91ea2c76647eac97a26a23eeae6c04e,2.092116648149502e-05,8
0x1162e2c16009153cc44b9353cca481e2ac2aac3a,4.530922910809841e-06,8
0x15b00c5f27298e0503c2aad79024f535c90a27b0,5.706956812764839e-06,8
0x1645d9a3a4fba8e42fb9698591b6fd4e6efde3e8,3.2948560274241355e-06,8
0x19e7ea01bf96f7c02b4f47feefe524a6fd9a7c6e,5.6105940587094e-06,8
0x2ffe865328884fa81ee720f1e989863da8d5367d,1.6353182542387237e-06,8
0x3ca32dd3666ed1b69e86b86b420b058caa8c1aaf,2.4054980494610664e-06,8
0x3d14113ac141a2fe2e3461586596e697ba8eb173,4.672668122330744e-11,8
0x40b9d20b782635c1257efdb47fb830e677f4bdd6,9.459339377210313e-05,8
0x4a19c9768629266caad38bd6857c6a4161532c19,2.887954464345843e-05,8
0x4e28af8a99e17b481d397218031d987cf587c638,0.00014163267171412002,8
0x581796f091e9304d7796a86916886d95fa544dad,9.363471573530925e-06,8
0x597077efeb1bca71deaf556bac4d8e28a4595bef,2.160912014998372e-05,8
0x5c16c2859326905e11c050025cc76fd29f710177,0.00011103220731943221,8
0x6476d5c547d2bd26f827acb38faa1a0529bf9e36,1.9625629695296047e-06,8
0x66bee313e91a546b82a33c372b5a9c2a6ae3fbce,5.57680144373594e-06,8
0x6c98064cd84c09c827fb76e772dbb805f54aa564,1.0957128662885378e-05,8
0x6e4615587375d1f9161bb97d5c4a3611a22bd884,0.019823004640976086,8
0x722e2a523d7a57f312f3957293a88ec90b22c4ae,1.744557380589283e-05,8
0x729f693628b1d61e698ff5a8d0124870151cd883,8.712779521241595e-06,8
0x77d0457f3f7aa8e81e116236f29d745013319bb6,0.00018570082747212038,8
0x8d73f3530b8501de598a16787e5bac1b1ebdaa44,4.184896646942345e-05,8
0x8f2fac53c63697ac775a1144e987442e7caac376,0.0012085004084365955,8
0x978200972be739b0fdd41159128fe648bf38163e,2.352531711521761e-05,8
0x9db82c502472d76742fdd69609dfcc6e01327401,1.0704230137587474e-05,8
0xa1e03bcb1a36da135ca61b86dd1d6da9a9357489,2.994581206663912e-06,8
0xab0c6b87921cfa8482fe27b76c7ed27fa243c27c,2.0707075491718555e-06,8
0xb6f1d510a8e18a9ba14cec92791c026f8f3b9072,5.09732427819346e-06,8
0xbae485c265ad969906b6ad4ce368a7dd14aea43c,0.0029185566345944426,8
0xc07c49a1ed5b98a58202209e3fc6ba41b28b6004,2.8119414379320865e-05,8
0xc0ccd28abfe98e4c3a1ceff7688484b3c08e463b,4.422893714748647e-05,8
0xc2d25de009756d3e2ff8a69fd68a02dd7679a8a2,1.167999003991331e-05,8
0xc3183858a9fc685eac0f7ca30204048621f7cdef,3.478144502976732e-05,8
0xc646224852c03ce5eb15834fe8c4b550f1dc8240,6.239666895772901e-06,8
0xc718844d4f796225c66d09f07d96e1643d64d34d,1.4097335875640393e-05,8
0xc8eb3a7f5ffa882c6ee9f689ee57800f9eaf5f1c,1.308781798647934e-06,8
0xcb1a2ee55dcbe5dfe97b049fe751c5b662068f50,5.869403097498992e-06,8
0xd11a880a60b889f9e88d260a3be04accd60c0efe,1.55764165552247e-05,8
0xd73046d3c2a19f13f1fc4e061fb2898c372f0e1d,7.012846868943246e-06,8
0xd9ea805c40d738c54c0c8bcd1474f5a64d3fbf67,1.1479206973017816e-05,8
0xdb2069eeaa5eabb5cc5590a690ea3cc1f40d06a8,5.0532383544502016e-06,8
0xebf080df41281097d1368ccca583963e0a59bafb,0.025090274870536798,8
0xf5a523b171032c060d49c39fbf2e9bec473e1286,6.290695573285076e-06,8
0x1ab71cf3e39a36b5ada54f0575c6534ec04727ab,0.00028279541069384554,9
0x33a4997745803873376e2f72bc4e96cabaf1cacf,0.002945112928266198,9
0x354d25bb83cdaad837853edf5a8395833a81b93a,0.002303560513183951,9
0x3ffe084d89a2d7c5981fbb8313204c708300ab70,0.004622158874508878,9
0x422f1f07f40f11bac71db4f520dd0ea1ff20f2c4,6.459463468304117e-05,9
0x4e587b749ed7650189f240d24c1173a61e70f536,0.00030249414307324086,9
0x53ec525b9df849be99263311f5b7f9fd6cfebea6,0.0008343096628467963,9
0x6957d2139d29e7db7913ac21e813f2a561e47ac8,0.00014723481707333422,9
0x6d88506b45cd8af98c51ccaf047e619c6789ab7e,0.000502562507377178,9
0x7e09dfbba23d078e16f038b1ed4c558185c4be1e,0.0010345508583638938,9
0x84b5ffcb1d9abd86f4fd26a2c9e5a9b54c35c9be,7.38428609139123e-05,9
0x885f415bdf4e627ce756678bc371135a502f44e5,0.000882809215705066,9
0x8f0065370d489f90e60f0524df95eba037451cca,6.03966559784173e-05,9
0x94e1fcaf9e9a874ed3e55d962aa2990c7b6137ed,0.0005257927934198299,9
0x9a4cdba56446a4429d23be738e651e1c24032d6f,0.00046023210001586894,9
0x9cdb7121f89e8135aeaf5e2bc8006233fe23f426,0.002761965385073924,9
0x9eb42f017e793512e4734f8785de605c4cb3a24e,0.00045691515285442385,9
0x9fb470376f12af151c9ce88bf7b4acaa13bad02b,0.00038721494769780455,9
0xb5eb49e2b16630d9a094733899f087107eaad2d8,0.013178198050135407,9
0xd2e1acc0839231a039fb35e646870f276131a46b,0.0004969094993529335,9
0xd3b81950f05a864c600828b936b363a9226ecaa9,7.516308257925925e-05,9
0xdd45236f43353cab68f316ff2a6c193d508a449f,0.0008924129329157977,9
0xf6d3ba875a4d50b391192f6c4ffcf968fa5543a2,0.008182259135030278,9
0xfd959f7b2abaaaaca46a8110436590dc6500fc02,0.008483617592599425,9
0xfffa6fc6acc3dbe04b175862376f1c5ff88cf9c1,4.289624565729884e-05,9
0x01cc2fc149c4c0b1c7d7d253e793115b31e25a03,0.0005537533966400388,10
0x0725b9c2ade8ef81a6ff835abb73c9e0c95c8b11,0.021215174476078756,10
0x08604bf8baafac4925cf40485c5d1eae07c0102c,2.190010044163318e-05,10
0x08ca4981130794fb8e9700186fa7ec689bf2d1c2,0.00013605468975406111,10
0x0b441f4c9798dc7dcf4a5f5ab4ea53f71ab39a7e,6.139441650631226e-05,10
0x18ae3ec77652efd09597a577c100d97c1169fbb1,0.0001484182801734544,10
0x18cde66120c9195fb6e50a4b1e13bce4c85d1300,0.000459704141159376,10
0x235aca84e3ef5577015cfc3e22f0ac390e7e1fc9,5.147216399150485e-05,10
0x29c26825b7d43ee6184358830c862b2e80b2f685,7.121557741780927e-05,10
0x2a1d4a8adc73ed606a5376b525e58792c64f8ca0,0.00011561380243223098,10
0x3b62d3883a750ad827e9b97470244bab09e3863e,0.010834598107109213,10
0x3faf35a220e0d6a3bc3cce4ca54454aba68cfd6a,7.900531254011885e-05,10
0x404a68af7d1afe9a3fa37ffa9c515b266938f721,8.73078270769021e-05,10
0x4dab7c37351a913d994c95a6a757e57baa0c4d15,0.0007219283756346855,10
0x551946bd7965303493ff47ecd8c7f2ba8d754d0d,4.533118268134105e-05,10
0x593889178ac483d13c181cc159653579722e357e,0.00022598291655282992,10
0x5b31a472f8156568bad291072dcce4faa43fb05b,0.00013635469782343626,10
0x5bb58a576733d839f954d2f3da15a90abd44e1c0,0.00016266982717506106,10
0x5f9d5d408667326a64a58cba358ca3e24f1111d3,3.7802390560536193e-06,10
0x657e21723ae99c05c9c2a6032343c7865bcb1940,0.00015498045767149427,10
0x6f708f7e2c1c24a1bcc56bc0b8c5be77bf732313,0.009902996421926545,10
0x73cdde45485932f12b534d1826577aa1197edac5,2.554246650378093e-05,10
0x7cc02eb6c974409db723f4f32f827dcc1cb8ce34,2.418780603576772e-06,10
0x810ab853d951613a567792a675922c6498bce29f,2.8498280588741766e-05,10
0x89bdfd6caab017d28d9296c2513e687db99b3df2,0.00010716077506813037,10
0x8f308355ce0604dd4fd872309d5761167655b07c,0.00012897674366434716,10
0x8f8ce8014e0e41aab563627beede5b6861869fa2,8.898191326407157e-05,10
0x94bb80230de02d34d2afb4fa8f8d7781985afb35,1.421685375682117e-05,10
0xa9afa2dacb28c32d072e80c5b3fda4ae1552fb0b,0.00021394955527790155,10
0xab21291b630b03e1e79bc087ae03d1855c8d86ba,6.598069488286298e-05,10
0xab35235955acb89131d4a5015cdeecb0d24017da,0.00014214306380800585,10
0xab6521fb5dd9961da780d1f82e656771d1032231,2.7471943096619962e-05,10
0xabcaea50f029aca1204a5ff64150279871dec56c,0.00014283266286407062,10
0xb1f431527a1c7ac13cf87075f1bd2e07af6b5892,0.00011725462757420675,10
0xb4192ab96664248c260f9b7e3ef5d55b55b55384,9.597420999935601e-05,10
0xb4968ae81fdd1bc3b8fbf832ffda61bc337f5118,0.0009967894885495206,10
0xba5f4f92f396e6de20d3dae5eefa65f4ecca806a,2.4159695703652937e-05,10
0xba6de73b64eca3ff95c4ab7e5328912c360bd003,0.00013238309196913307,10
0xbb610f103dbdbd7596857918b1f0aadcd4743877,0.00022322025818719812,10
0xc06103cbd0ba469640d4139621977f65ca8e7041,0.00011669130615520293,10
0xc6f385be05529f5de1b2a0de223c0b67af0e91d4,0.0006008232390860708,10
0xd7111114673536967e525a4b525a5ea9a1c4eceb,3.923316359704491e-06,10
0xdfacfc5cd08371d4630daff794865a616e329e4c,1.0503838462973999e-07,10
0xe1cb91810f6dae1f6155c7844e24feb43daf3df0,1.1550422681840733e-10,10
0xe3b3482482899b4890ec5a2093cba2a558d0c14f,0.0001805104953036156,10
0xe4fe6f4872a8afcaaf8c7b8d0678743720a97b2a,0.0009886319323906944,10
0xf060e33cfa0727a224a184622606213e8f4e6a6f,0.00010286037530359643,10
0xf29d1e92aab957b4ce52e4fc7fd6f2376e2dbc27,0.00011297947637268077,10
0xf31eb7ad41eaf39ba6a9868c45422ae774ad887a,0.00012588318993471856,10
0x001a1a5eb6800e78197b92a527b3ba8b8d5bfef6,4.999200046392449e-05,11
0x10a9f48feb0f3f88f8b3bf38e9fb673b997ac237,0.0006398909995026666,11
0x110b4ce3941ac23ad5682ef25a841d60517903c8,0.0006901816550973011,11
0x1a6f24091a055890ecb411129977668ab55473b4,0.0006574321932357114,11
0x2365c1c88327d3c9acbd4d487392643f2c9049d4,0.00015482729129911554,11
0x2373aacf6737fb2344e17175b9c0e1f20c78d9f7,0.0012825442102569389,11
0x2e4752e216277a11f941f0ee2dfd427ac53855e3,0.0051187159451228145,11
0x32d7fb99e113c5480410768041302149897d4214,0.0012262163067621615,11
0x335f45392f8d87745aaae68f5c192849afd9b60e,0.0008031853454783686,11
0x3dd7cac1a7bc4b8c40af140e18dbfdcfb9e73a62,0.0007322799526939679,11
0x487649b053bfa3e0a65898145ddde5d4d3e77e50,0.000333917707986538,11
0x4faf9534f8f029d03561d245b3b442b1c2e14ee2,0.0006855270165238831,11
0x504ec17f392b0aea095a1774146316bbeb464683,0.0008881361261532464,11
0x6111d8e041ad5828dffc523763e7ad85ebdbcfde,0.00016331765802613023,11
0x67f7aa8fb95c47e6ea9c517b623e0701cbf9d9ba,0.0003664549091394416,11
0x6bbeaa7c0668557ac6c81b63d4451647db962b76,0.0005874106413680794,11
0x76537e159ef79ff8dc8ae21ee0763a120262d004,0.0005128577400414051,11
0x7e0ac529ee73c23730363e9581454c1fcc432f87,0.0076460878540832895,11
0x7fdbbfd13b3bd45b4d14a3b226f35a049e094176,0.0003165961847506547,11
0x847bd1ef4fede0fe191129894d63044843f4d473,0.0003843006697097031,11
0x8f844d3c0c06526387fa01d165fba8c3984efdac,0.0002725091712697382,11
0x919bea57e3d2439e8bddd7e6be3281dbd2cfc2a8,6.411237584627207e-05,11
0x93966e15e07becb89549c7bf7a98514b063d8b20,0.0005232690251890589,11
0x98cec79d24bd44bc8452f0339da697d7992e4a15,0.0006677491601843848,11
0xa080c59cbe8901e1d6a063a2517bc47759aefc42,0.010306692468802956,11
0xa4def896580eb78603cb59167c87928cb52e657b,0.0013999220085069615,11
0xa702488d5ed9e785a20303a7471023e7210a9ecd,0.0005339568880204512,11
0xb51a9a44a8558c04ae821ea1088ab5857a4a7ca1,0.00028185777918408015,11
0xbb475febf78b528f4f0d4ae1a12541406565199c,0.0007253325168139871,11
0xbe60643f8506bb02de678f9861ab9df0b6f83135,0.0009592601237243848,11
0xbff5402e76f4af3d4ad6fb96061d28e979862e8b,0.006318028399026559,11
0xc01edbb96640442257227f481e30f78eab45ff90,0.00020804991121196818,11
0xd3efffb8c6c714ea0ce470cce196675ec86c68ce,0.0005476398011123243,11
0xeac842b2214cfece3f0d288293da19f408d91ede,0.001060317007385335,11
0xefe3e45503bd838fa08594906b0906d252701cfe,0.00028140120016916973,11
0xf2daf90dd0cf2eb5e095775630f0f6f3f8a2b463,0.00037337281973159116,11
0xf6527ca0f41c31b91b11545ea21268dd120f52f7,0.0007307665932446037,11
0xfab7cb9f74319a012907236ed9b65470c2423899,0.0008164903947000239,11
0xfbb64f9fb18aa6bcf9fe1a2097b3b79435008113,0.0003704155409114554,11
0xfeeed14648595dd8ebfad8a98b742c9395a89758,0.0003189844072693527,11
0x027717f112baa657c224eadadbb02602b463508b,0.000588097950747512,12
0x077a25d1f579574fe168bbaa924e40c9bfa57ccc,0.0002085981510850568,12
0x0dfc5e0e9ae0bc59337d8f4f11459fdc7a146388,0.0008720532859425328,12
0x104430ca78e6d9810bfa18e58dc0be3b6e88705e,0.004654967886549783,12
0x16aa234e82d7b51b8757110cbeeac6a65351785c,0.0014742376245183467,12
0x1846e2ee0cdf5bc0bfa710bcac0f39ddcc43eac1,0.0005588730380551735,12
0x2a6e0b832b08c040ca59625025b6b8aec96a29f6,0.0005855011137360734,12
0x33d8cdd8f2b66bf2fdcd7b1a84d047cea6642f80,0.001588692108885635,12
0x35f739c2278ca5e0763189b0e914fce2741c8f29,0.0005158915008635468,12
0x43f9e33ee7761bca6b75fbb36d6c943ac0b2be77,0.0008314291230152224,12
0x43fa26c444767ea3b82ad2f998bc995305823a32,0.0020743539849188927,12
0x4d3e7f2c578b5edc58eb352da6e73b1184db7a4a,0.0007192736923579557,12
0x5037dd2d561525e10c9f4ac1ea063e72cc23b3e2,0.0017010025722353857,12
0x52b8d45659c6d822a13491756b7a40ec0e339523,0.0007164970576131733,12
0x5580a06e60598138dbd5e40b76cd67f99da748ea,0.000248620943424209,12
0x6a7a17046df7d3e746ce97d67dc1c6c55e27ce75,0.000553684269828177,12
0x6b03361ed8137dc2ee5ff88fc968398b993cff4b,0.0006970273875939179,12
0x6e88dc3708afc2b0032eeff625df78dcde1e741a,0.0021960535596263204,12
0x6f142cc70bd7829d9b41350b5dd13ba20388a473,0.001360964513131111,12
0x716373c2d4420f24d7137a0c524239b176c36af5,0.0010173055263656414,12
0x716c4b3548599076cd7faacfef0d6a457fd87cb9,0.0008589980610317985,12
0x79ce160c96df1a6134730a3cae977676c8c40310,0.0026098879820682062,12
0x7f5698c34f131ee79eaf3151e0ad0c0b8ff30bc3,0.0004405406565987805,12
0x83d1ebe7921366e38c77395ba62a3aa6e048b091,0.00016542150406536937,12
0x89a4e7b411cebfcf66347935bb84f406eab4be29,0.0006914210759048694,12
0x975f178fd8a566d98bc935340064c691fa4d8881,0.00038481208906466266,12
0xaa3f51a8095d030e38317e917839c87315300bee,0.0005258888539690599,12
0xb1694de2324433778487999bd86b1acb3335ebc4,0.0004615636211420724,12
0xb38a8227df6dd21223919dd94da17923809ea1a3,0.0007936930065074433,12
0xb3f4dc6be3f023ae493622ae49ca4e0affa6d9d1,0.00029443846360531083,12
0xb537ef40717b400ee2c38a200d859a37ab577e9a,0.0009791906121337335,12
0xbc80d11005f958934735d61f5b71f05060cb1d9c,0.00032854038716286963,12
0xca2460f2d3a1294d4b50b816fa515c82ea7a7ff2,0.00079781164074448,12
0xcd1c932a413868c3c84e73e195bf34c1ba4ffec5,0.0007823049527786181,12
0xcd353d93f3f9fc70f248dccdc944da768b55d6b2,0.0008424557149680271,12
0xce3459424d2b171851eb8627636b2b1b4ea1786b,2.7672909081525104e-05,12
0xd5efacf049100c0f7f5629cb4dd024df5aa07040,0.0008949721786765528,12
0xd670ced0fbe4e126f8f066d3d2579fe532f0b2ca,0.0002474005508003914,12
0xd831409a48d8b21d59245c12b1540a0820446203,0.0007121202447530215,12
0xdad058ab8e7509d605a8cf2bf7af1b613573483b,0.00043991943982741574,12
0xdd00270d347ea0fc0fdd82e9385fbef0682c24f8,0.0003355132099940669,12
0xdd7959071ee964ee2bc280554a6704b064ffd0fa,0.000533313515565338,12
0xe4d83945c0322f3d340203a7129b7eb5cacae847,0.0005075158032349478,12
0xe62fc60d4c74d4af5ea4fa360826e5ed5b6747d7,0.0012091360269787382,12
0xe65bac8dd067e2bf78e78c6fb3b18903d55db802,0.0006282145103311504,12
0xe6784abec0aec3aaf52cadffe6d281b5a48bce24,0.0015388942998971423,12
0xea64d89880ed8c6c6c1ec77472d26a6368818980,0.000673623322734691,12
0xf49559a962d46b02b49a70320cbbdf2cc7ba40a7,0.0010868832773220705,12
0xf4e6a66c786b594c586d931af4326aef2d455f35,0.00039804282310665633,12
0xf83858e57d9f804f5ca1603bce82558119aeac7b,0.0063305179329392735,12
0xfeee942a06d2f8012823ccde7bf7bcbcaa29a09f,0.00031616604251805634,12
0x08bcb856963cb4f0c3f099c64a57c928a9c88888,0.00032130094000601286,13
0x0a88fe672595ac29f214e0e1de712ec58abb525b,0.00032976425921168995,13
0x0cda69a73f9bbea90e136172eb241bd065977e00,0.0005679861397404975,13
0x0f84b48b64f433bbbba6170d7a87121056b3e86b,0.00016828172599283995,13
0x0f8534769c4d77f5517b94082ab46283e3c097a3,0.00013138169994724957,13
0x129a84fcf8d83a3262167a49e82e3d8bbd1e0e90,8.271593695159259e-05,13
0x295e535d979c61a0ce4adb4e0bbabd8a0acd6134,0.00016435954237462632,13
0x2ea35ef03178ccc7ab44df03a9af7a06180a208c,0.0002908331360487441,13
0x2f85b47e90de2de52cc054e8622a39645ae7af21,0.00025441749929655104,13
0x3980be8a221d45eb9cba07a93bcf74f1a1ee9c62,0.00032035379538494405,13
0x3998ad17e3fd11f60c24cd3d8b6552a4eb4ff3f6,0.0011926721961947665,13
0x3d21e3d9af7ca1d76305c9eb2fb510b7af920659,0.0002011654288861174,13
0x3e6fc92d4edcd1156fe211eb4d3aec1bae2922af,6.983355564235056e-05,13
0x40dc0fa2553e8a97e56f39d595b2753eacfe91f1,0.0008462801720284611,13
0x40e494cdd7f6ee95449e06a74b767fb93c3623c5,0.00011309422929323318,13
0x47807d3f6ae34ff6aa1fc8fe4e7b742197c1e125,0.00024305495750655176,13
0x4b2ead13203f217fc8b6853f9c99fccd1bf53598,0.0001550259733613779,13
0x4c7d7b58b0da6a7dc7d49f48869318942a0f60cb,0.0011561587912126985,13
0x54bd2e897572584825271df17a484c15941ed647,0.00017591692270703193,13
0x581cbebf0e7ecf4cb49c9be8de4cefcf91c5f953,0.0017306663437500732,13
0x587d923fe6ab80db02845bf9ab30587db6594690,0.00015120161158736013,13
0x588432f54227364caf999a6df88dbf86a90f4772,0.0002662554294809452,13
0x58ca77986fe30d06840a4066236ced1e93d0a713,0.001056134216503971,13
0x5bb5bb67feb8f7811d6ee305d6b8eedeaca80727,0.0008570728886414565,13
0x5ecef3587101133fe40a63539ccce57d30a2e067,0.0014312763264490162,13
0x60ddd3d9544461df849b1eb4f39ce8afaab928a9,0.00019458865229993495,13
0x631abae0e172c21dd37fa303bdd9deec22d32a04,3.219450919321521e-05,13
0x64d0c26f561c1a653a2fe48337e9970275564d45,0.00030361513638122166,13
0x69b05701f8175c276ecd0138387a197948e240bb,0.0002687183598143765,13
0x70875c76b1219a5e03ea43881a2e90faade89fc9,0.00011840176255733234,13
0x77d4aa158439c01cac7d726d1260ec627900ba35,0.000183571158682568,13
0x7ccf204e00d31b392ccb1a752b6855cfbd14db81,9.381531319651364e-05,13
0x823c638f9c799f488209bfb98696a06d30aefa4b,7.271706830841695e-05,13
0x8aa077f5998d234ac8641d73d6bc4976e2a210fc,9.663664830870384e-05,13
0x8ec2a23e27b723b02a8643669c97185810d17a68,0.0002448624998868078,13
0x8f777d20fa76b6a55e2313b3c1367621c134cfea,0.00013814735638508892,13
0x988caf2d1aa1ffc52c666f67d9a3e13a72ba6e04,0.00016208263696677912,13
0xa2a204c9b6ba3d4d978b562d1753fcd54dd3f8ac,5.424491675699333e-05,13
0xa5e3b79ebb74c75d6f415aa0b5892c83a3628fa7,0.000248668374287969,13
0xa88cd544cf98db0859ecd4bc9d5d997ac8185d6f,0.00024258808235175073,13
0xab625f3216f1c209a1c069b29491c3009f258292,0.0006313642449055601,13
0xab8e601812673123093f4e27df23826bfbaea49b,0.00027307288688364055,13
0xad993eb8260e06da778a2b6adfd3830cf9129224,8.870606714796328e-05,13
0xb3754a0f3eb56fb6bf6eda48dc503b9979f4d883,5.928643533144331e-05,13
0xb59688d2512fda5263f3d90397b3ccb5ee941417,0.00022550156572831374,13
0xba939edf38c0ae0cc689c98b492e0535f43e4550,0.001073139005331941,13
0xbbf7d7a9d0eaeab4115f022a6863450296112422,0.0003287022455110294,13
0xbcf128c44cbb52a14c395a4e5b66591902cf8bf7,8.210127156014556e-05,13
0xbde7d5dc6eeae1b0cac8d10edb030b2a274fa3dc,6.693682253899586e-05,13
0xbe3a0ebf8601c8730d676416f1bcdcbb526eb1df,7.555590252192071e-05,13
0xbec16539d77067976b8c807148b2c36ed9731fde,4.315755742206924e-05,13
0xc1fd39727cd10fe97ccac228888f025309560a93,0.0002026216948949348,13
0xc64538ad4cd1ef3488e01911cee90c08c243363f,0.027948764525070686,13
0xc9de7feccfd93e89b52e4ea019b56ea1a3e56f5e,8.630781548925826e-05,13
0xcc9bd2bdff4a835c11861c9b6b1061ac51f661b5,7.989214263907523e-05,13
0xd09fa948296e54d1ab73a0497c16403a08a84732,0.00013467696799459984,13
0xd53e635128df41e1c0903349ebc117645b196794,0.00015291792274708073,13
0xd606825fadd40f72d6e0e3b7b6a7ae360d491acd,9.019303822548792e-05,13
0xd7906ff6eec3c00a66e04b17271d59e0cf31662c,0.00015431429118841053,13
0xd91d986542fe4bc4f57c9636aa322612ae818c4f,0.0008521423361072617,13
0xdb7cc6edcad37adbe3149948b17bf4b492a16a38,0.0001795098287187475,13
0xdeb2bc7fb294b11152ee88165079485e27efb8ff,0.00046200924717759744,13
0xe16d87c9ca88a1227a34c834b72d48b577abb353,0.00010917860090415417,13
0xe341443f94315df87d71cd872b3da253625aadb4,0.00030085312245119666,13
0xf18f61b728345d373b84e4664b82658e12710117,0.00044660889194497684,13
0xf19a8f29096ced385abb7c4930548121c97c8c40,0.00012421657945506758,13
0xf83e8bd8dff2f1157d83ba11e698263411f3dbea,0.0002105583904206072,13
0xfc2a4d455038aeb6468d46a66275f913a6ff726f,0.00014743009669800983,13
0xfc7a1c51e26efc6a3c8245cac5a29bce4d7a25aa,0.0001453674344721992,13
0xfd1975975e60f5413131eb24143379ec83a327a4,0.0002543117579921214,13
0xfed459402e31f2e16260f2d89cd8e654498d35f1,0.00023854511694768195,13
0x0101eaee8d0013234c32936963ff504a9954220b,0.00024764684408403424,14
0x087a728decac54ab20f622d098db374b59f99347,0.0001805593492400444,14
0x094646895a32af6226297280cb58b5401e9f7a04,0.0001028023267308302,14
0x136e1c6460331e7b37b51f86637a5a89f386f419,4.959229176828339e-05,14
0x18705a4132aef19e17013ceffd6ca7a71baf9b36,0.00034190413155096264,14
0x193e049fcaedaae146084bbc6d6c6d4b2888ae46,0.012719817262097397,14
0x24496da3077f40a183231741486430fb1a815c53,0.011155737251246137,14
0x4c7934af1a48b9432afecb5588d160ec927d572d,1.2636385318429828e-05,14
0x5957145fab56dfe5af988a4f55eda4b205922c1d,8.580900659354808e-06,14
0x98be9d68c5934dd7667eea4427f2958d9cff1bee,0.011480360005290074,14
0x9a1f196ed7d537ca8ebabf0816e2f87e28ee52fa,0.0002488422925342221,14
0xa004841ef541f5c1acf968c768ca158a10c66922,0.00015788064364161787,14
0xa38157f31371eec73fd878097c249f16472b066c,5.8930430752919445e-05,14
0xa6f030d4760afba9eb585c5fa00748e10fee1dc6,4.62023211169601e-05,14
0xb9022d736e1380a322bf9e8c1cca4b0c8eeaa09b,1.4587180111248454e-05,14
0xbfa578b110d4d62374566b0d6f215c648a6a2274,2.185284255285375e-10,14
0xf39bb94b221eb648edd35ae5c4a5cf7cc0f761fa,1.8741540974287392e-05,14
0xfa97fe321599641d5e62c61c222a961f59662af7,6.071775066024347e-05,14
0xfea4bce8c93f3ceab7cf42fe3f371c494dcf7a9b,0.013094460873694537,14
0x067c14b41eacc18eea90099006f47dacf0a69746,0.00021487092414691091,15
0x0a422c8e4f3ec7a1edacea711eabd8185fd2d457,0.0007880755209030472,15
0x0b4ae6dd12818946b25b6cfdbc9aedd40410f684,0.0020899225600330587,15
0x1279a8132c775ede3e738cc2a753ffe47d009353,0.0024528738735176475,15
0x33821578405bd53f0eed2895496922b528d95e21,0.0018984947731779458,15
0x45650086c2688797bf9470258777396c87033b4a,0.005831347706693921,15
0x49801afcc5874c7cebd8d968f960a8cb6c7d7eee,0.0025191645087199238,15
0x4ee1d18e68743d9e3e90e43363342283acc9a36f,0.0012454771690146682,15
0x6d208ed7f427f73e75bddab06c76cb3b31bac290,0.0013129144686137404,15
0x9da99bb7950b89ebb1d882bbb735f91b62f293f0,0.00128217010208694,15
0xb5e92641a5ddbb4afd06c566c5665722f062ed88,0.000975582275620196,15
0xbc77f2ebbc44038638cb1333738c40879311b2d3,8.789500161905446e-05,15
0xea2f697cc1b2a8909425e2d77f2c2133b0ea0588,0.0033374351156019865,15
0xed8dc94885bd5324e08729b59d05aba1e88da465,0.02355740508243092,15
0xf3019b7c49b21fb9dfbc6b0af44a56500267ec6f,0.000673072655479492,15
0xf7c2ed23ddff71b17473db6f330fd8cb18388010,0.0005136846921150905,15
0xfe98c865cf0c3f64894a06b5686cd5b8c49ff02d,0.0012196135702254585,15
0x0146170a34bc0074f5944fd008cccf4d764ed386,0.0015168404408551887,16
0x24a44aef48aeb27c7708dabfccda14b41fbf0ae1,0.0009202478799658347,16
0x250a09aafe5c4e63a8c11d1743e19694d79ce113,0.003090904160285967,16
0x2ba335eb83567a3be805477bbafda99b318d1639,0.0008503677504541454,16
0x2ce1af69a615704971daaa73a2e54faaa18668f6,0.0007768770799297315,16
0x52e8156bd13058682194c8989fcf20940bb6ba2f,0.0012853828108728429,16
0x63d417a577b50c96f4f09148d4e4d70950db0522,0.002705081894124887,16
0x650ae977f02ac4e74ad4ab421a91af3bbe4309b9,0.000704985865201242,16
0x7c542bc686c47e7f6f77dc807024540085343e21,0.0011571057825838257,16
0x86f9030af10cf3cbaf229dab662beb0dd263f91b,0.0023873266020687247,16
0x888e000c78b8f1aada5b3c99f880794907b76d77,0.0010394677570038835,16
0xb2e3acb1dcc359eb89699dbf5d0cd43600cdb668,0.0008008883626371099,16
0xccf343eef0c5f2590ee30efc9f564b33aeb3c7e6,0.00941764086729401,16
0xd28b8c38aecbb8a5565e9cb29236c509b772a999,0.01382446222522491,16
0xd82f7d84a524b8e82de0cb3df1f04e338604fd8e,0.00030088545223210444,16
0xd9d860a621535087e5dc4db775ad723630c34c75,0.0007636582546960905,16
0xdb871356f8935567bb9f7975edf9c649ab8989aa,0.0012814481933651578,16
0xdebd491a259a242fc9bd8fd780a507e8e062b67a,0.0005833394020824841,16
0xeb6eda4756f831824cd28e568ef8adcff35016e3,0.0009065623079893014,16
0xeca3005cd94338ba8fe4f5fc02e8d0f509d5f040,0.0015098384786911734,16
0xf4939e64793fc85b68ec4ddb1697b01db3977134,0.004176688432441373,16
0x0475e30017e5a4efe79cdc856740088f410fee99,0.0008455635368584817,17
0x0982bc8d7e82733f0fd06b75db25bd88a1535afd,0.0003745446137401858,17
0x17241870b9263ad46f3c717bc1a36089c8179d02,0.0078174533930941,17
0x31ba5e1cf7629c01d91e0ac0ee984098a46d653e,0.0032201152918272125,17
0x34f10e1397b67cc9dd5b0bbf60b022259e4d90aa,0.0009641937803408914,17
0x3c16fc881bbbde5771e9026fc888bf5493e3b4b1,0.010216757201651041,17
0x5b58b4713ebaed279dd35fdb42324cddee324050,0.0010825970335658164,17
0x5c0db52c100b26f7add20caadf6d65cf475fd377,0.0005171482673535068,17
0x703c65097b0caeeb6742bebd12b04b337d931b94,0.007329184537341796,17
0x725b3732f5c755978dcde41db58a523251016e4b,0.0005678985693354365,17
0x7ea852a2d9e31f41ff945908fd0bc02df969bcb1,0.0005814406627631505,17
0x87e8b39e166388f9fe6e57c291afc441c9e3a515,0.0008065943947009815,17
0x949de68644d7457b9ffc5b6e22ccf7b46b023ef5,0.005904359244351338,17
0x9c699b83ddf6cac6219ad4fc52539c0f2b4d948e,0.0023785808483840197,17
0xd909ebb22d37bf8c0149f31b0c299d106f518675,0.003189152429995006,17
0xe66e39343d48af67fb1679697fca58b08b638459,0.0012651770343992167,17
0xeeaf4055e581dae6a4eaea0a66181ecb207787f1,0.0005736398319715119,17
0xff617cb0295fee9bc079bbfc5e71877bc3d490fa,0.0023655993283263036,17
0x00db0a3628191bed577700b1b4ff8423d3215792,0.0007259226242456882,18
0x054a01da80ee37d5220af5471b1eedbdcd2cdb2f,0.0015622055098359845,18
0x0f757d0cebdd9ee43dec60182d15eae91e178178,0.00032476594759818343,18
0x13f82e5e34b9c78aab82705dbb194871e123168f,0.00043628622207195005,18
0x1d7572c57cd347d52a528963ced066bac626b7fa,0.0056539375796064,18
0x2073cad2956d997283d387723fb6f0c45a824d5a,2.6174693415213893e-05,18
0x24c2fe1544fef9056db52c91d0b1fb4b1dc4e48f,0.0011090915731074848,18
0x288ed4efc8fbd1e42a06fe083ea942d20c90b336,0.00134648450880165,18
0x2d19f73005f0450c5e9f459dfc7e8da9c581b788,0.0029732233555710887,18
0x31652a303eff850f57e73f4cf8f201adccb2d617,0.0006350696544248192,18
0x3d6184223dd0d5239947793746faec00b63ae990,0.0008405745829993378,18
0x3dcf345bfadb9961305ed5ff535d31f313d52ad0,0.00046016487459297036,18
0x40f565826fdda5c2f8f174fdb51cf4d5b516fd75,0.0020413797391715463,18
0x516847aa8d762ca0dfdf012228e6cf0609537e2f,0.00018127846098206735,18
0x58a049263e0754cb51a63248c34ffe07e8434899,0.001076658230344081,18
0x5f1ff6f82d95ee2aaf599577024c5d37c860b0a8,0.0002623053928497241,18
0x649156ebf0a350deb18a1e4835873defd4dc5349,0.0003541764731424368,18
0x6cd0aad83408ee9fbeb851eb68bff5aa7ff16ee4,0.002776501984720301,18
0x77fee2df7bad4f1db93052fa82bf78eaab771a16,0.0006009288110066186,18
0x7c976f00e84db0b44f945fc6d7fad34b43150a1a,0.0004982073162679983,18
0x830e95e4a16c8302db2f1071d4ca4bd1d58faafb,0.0002896382887182363,18
0x8fc7c0442e582bca195978c5a4fdec2e7c5bb0f7,0.0005582249561923867,18
0x97e87e0a699deab71756390a65b54eab729a3494,0.0009710655611523899,18
0x98d5c0b380e528ae8f1d5d75d0734622d9a2e930,0.00048092252324118665,18
0xa67bc60919b724fbdcd7888e2ad6db2366b1f127,0.0014565667720637654,18
0xb0767b217fb1530b064bb1f835c57c047c08ae72,0.0023403520332185906,18
0xb4d96c7387a45fa2cb170fa1436a86640ab00eb1,0.004788308667309629,18
0xb7dbcb88405517f71f9d37db0a9bf2d86b0972c5,0.0031719289670965167,18
0xb89df51412ae506e83679267c12140ed340599e1,0.0022463842731874745,18
0xbe7a6bda55e5e872024d450af22c1aa08e60b9ba,0.00041530429490691797,18
0xc3fee428d420118633661b813f01e32ba165a9ff,0.0006355707829268942,18
0xd598516dcc699ced64ee441b20f41cb2eff9c098,0.00281162395139001,18
0xd7b8209d95d4c05faaa505671211058d51529f55,0.0002803422923886458,18
0xdc0ff96c1ddbad424478ef10a4c71cd64c76e688,0.0013456966689470008,18
0xf2c8f77254a6799700fe266719397b48e3b8d7ac,0.0010374687946927573,18
0xf6a948c516b3c9cb057d1c7c3894714562535e44,0.0008873805413249062,18
0xf8f324a93d0d9d3573b2e3d938e19de1a92321c6,0.0009600129424427279,18
0xf93d43f4b399547eed48bf437867ae0a7a184b7a,0.0007010552022311051,18
0xfeab64de8cdf9dcebc0f49812499e396273efc06,0.0007368149518133067,18
