trader,umap1,umap2,umap3
0x001a1a5eb6800e78197b92a527b3ba8b8d5bfef6,6.1334114,7.569096,12.973153
0x00db0a3628191bed577700b1b4ff8423d3215792,3.3688881,6.953907,12.719252
0x0101eaee8d0013234c32936963ff504a9954220b,2.534119,7.664021,11.354687
0x011af0d7a38f1b1b43cffd7a51e1aa38d1c61ece,5.461739,6.1441274,13.788118
0x0146170a34bc0074f5944fd008cccf4d764ed386,3.7937562,9.601725,13.131295
0x023a3d058020fb76cca98f01b3c48c8938a22355,3.4726279,7.6289744,15.619093
0x027717f112baa657c224eadadbb02602b463508b,5.6914663,7.3987174,14.18776
0x0284bbd3646b59740a167ef78a306028343f3806,5.46329,8.516175,13.397183
0x02fbbf39d1e3c142994b383af5ac3f2ad744cda9,-0.018724782,7.975237,12.603435
0x0319b88008686bcf15c8d0955b90b18050c661d2,2.7730875,7.962225,13.08742
0x03c23d5f89defdd0854483b06761a9e7896a47cf,4.7869473,8.289074,12.961716
0x03d50cdc277f5fe70259511d56ea4c5a760064ef,2.2813077,7.999444,13.334859
0x04027058bb4aff889402ffb6e4743a96ce88149a,0.78893125,8.242886,14.086325
0x0475e30017e5a4efe79cdc856740088f410fee99,1.2292379,7.560847,11.841124
0x04a94b61531a1b3a3b5bbd01dab4522f297468be,3.5985935,8.576717,13.373747
0x04c6436109ade28b6eb0e01f8bc30869eacb1c83,3.732978,7.2664323,13.995529
0x04c8e82bbd0a33d3179e767c262223f50e74f7d2,1.1889616,8.823635,12.43025
0x05245ef7f5e5fa2db758ab31292ce73487043971,1.222467,9.846165,12.85674
0x052ad64f9ceb6d6138467068c3e2f57e9f9d91c7,1.8176881,8.153863,10.76516
0x054a01da80ee37d5220af5471b1eedbdcd2cdb2f,1.7073046,9.21504,13.634083
0x05a64fc3398b49b1dcbb45109ff6debf2ea3dc24,1.1556652,7.04211,11.795028
0x05c1a240d17b2459b9bfe2ae4c7dd53db5031ddd,3.4059381,6.5346165,12.616692
0x05f761aacd63e4e96bf98f0fe5614de5ba90856c,3.5679967,6.878552,13.234821
0x064f5692b711fe69cc10ef3848ba659b8b6dcefa,3.867425,8.862612,14.018553
0x067c14b41eacc18eea90099006f47dacf0a69746,5.559451,7.4520764,13.214775
0x06cecfbac34101ae41c88ebc2450f8602b3d164b,6.4994936,6.4011164,13.23978
0x0725b9c2ade8ef81a6ff835abb73c9e0c95c8b11,0.31647894,7.8053045,13.91032
0x0748e296e5a350ec36c8487a1cea406e1b57d4b2,4.3217854,6.451175,14.111004
0x075c707b6c1b95405cc5f00273ab1a2a946bb384,4.8776712,6.3123565,13.771203
0x0762a621091357d600af930ad21ca493ab5b0282,4.758047,5.9935493,14.455693
0x077a25d1f579574fe168bbaa924e40c9bfa57ccc,6.810021,6.2490582,12.8431835
0x085db44e424331c3036e3ebaf7c7e8800b2cf1ac,6.623073,7.326794,13.045763
0x08604bf8baafac4925cf40485c5d1eae07c0102c,5.5770683,7.3067455,13.790767
0x087a728decac54ab20f622d098db374b59f99347,1.5107026,7.969005,10.384028
0x08bcb856963cb4f0c3f099c64a57c928a9c88888,2.525047,8.9795265,12.445418
0x08ca4981130794fb8e9700186fa7ec689bf2d1c2,5.230166,7.040243,14.509461
0x094646895a32af6226297280cb58b5401e9f7a04,0.8837542,7.709176,11.663379
0x0971508fd715704b3abf6a7f11c45c1ddabaf73f,1.0467027,8.137414,13.943648
0x0982bc8d7e82733f0fd06b75db25bd88a1535afd,6.7009726,7.600806,13.205551
0x0a183be6a9e3652c1a6c8fdd82a82c0fae6b4c5a,3.3846383,8.488269,13.806129
0x0a422c8e4f3ec7a1edacea711eabd8185fd2d457,1.9291898,8.116446,10.772662
0x0a8817c801b0801c2f2acfc8778a7cd807161e07,6.591132,6.2622766,12.56844
0x0a88fe672595ac29f214e0e1de712ec58abb525b,0.9285275,9.67369,13.2184
0x0ac58bd133e96a6423f300a583e3f8f7811eaf21,1.1874095,7.775561,14.221455
0x0aebaf5e3d4207d71474cfa3f654ec0743183619,3.8854723,8.580092,14.0468025
0x0af66f3571761d7196b713ff881609d7e7456fe1,2.7033813,7.7578225,12.9184885
0x0af94ca619cd5b18ba72aa1244bfaa8bcb1babd3,4.1409063,8.55783,14.061531
0x0b441f4c9798dc7dcf4a5f5ab4ea53f71ab39a7e,6.322951,7.5038457,13.821509
0x0b4ae6dd12818946b25b6cfdbc9aedd40410f684,1.4084393,9.542224,11.861763
0x0b548b5ff9da8b577f7afc20447affabd1719d5f,2.3181407,10.165354,13.409361
0x0b6b0a88e05f8f7053e2b3a5d56e4d8555774bee,0.711323,7.6626935,12.446439
0x0b74df5bf962f95059a27bfbe24811ed7529b86d,0.027152933,7.914561,12.54532
0x0b94d9966717e894d7a145f9642445ab151762c6,0.26845923,8.23248,12.623307
0x0becb107c5defbb260cf044e400d4af503eedd34,3.4153714,7.248319,14.3342085
0x0c0153672cce9870b4658cf07e4c8e2a21918f81,2.891733,10.666089,13.468962
0x0cda69a73f9bbea90e136172eb241bd065977e00,0.32673067,7.6338606,13.57883
0x0d15525acdbc08c94c662267b8f1705c7ce162f6,1.1935691,6.9260783,12.583967
0x0da551d5369704e0cef6386127d889560800b5f6,4.4291277,6.336394,13.082151
0x0db56c99b8ad68f35f4b1772a4ffed3fb16204f6,1.2785656,7.8807054,13.248033
0x0ddde365cdff6b4827d2f7d0c66f8c99b18f6e54,2.229639,9.405939,13.412143
0x0deb827a58f6eb88e15c91d941c33515298d0bc5,4.8524475,8.736383,13.086631
0x0deba253b91ea2c76647eac97a26a23eeae6c04e,4.841001,8.1170845,13.832743
0x0dfc5e0e9ae0bc59337d8f4f11459fdc7a146388,3.318879,6.5475183,13.243744
0x0e1a27b09821969de9b3b219f98714bdd695e4d5,3.1019986,7.477054,13.118035
0x0e21ecedde58a8e077ef669a163044e70a62a3fb,3.4787214,6.8159723,13.754648
0x0eecd62efb05009e2b72964b4bcdbcf653afd4c5,6.7218966,6.1841707,12.709295
0x0f757d0cebdd9ee43dec60182d15eae91e178178,4.797036,6.46099,12.657791
0x0f7a453567401070ddb6b4ec82f97bd78b857c04,6.154011,7.575811,13.086451
0x0f84b48b64f433bbbba6170d7a87121056b3e86b,2.3315618,8.91274,12.636022
0x0f8534769c4d77f5517b94082ab46283e3c097a3,2.5446854,8.900644,12.871364
0x0fd3c3f312c6cf9f5c4da31b428b5a0a1611fda6,2.3399053,7.161528,11.31522
0x0fd468a73084daa6ea77a9261e40fdec3e67e0c7,1.4345317,9.071752,13.824272
0x0fd7b11cd60ab7c0b8485a689e313f50b6c1b74b,4.987077,5.98591,13.618639
0x1003d8c532e5178673668e5f3aa48dc399ee940c,4.4883757,8.790619,13.012254
0x104430ca78e6d9810bfa18e58dc0be3b6e88705e,1.6141465,7.02273,11.876939
0x105a8501eae3aa9462a47568a2de12e421f75e5e,6.68628,7.049339,13.105836
0x10a9f48feb0f3f88f8b3bf38e9fb673b997ac237,1.4113102,9.114868,12.439008
0x110b4ce3941ac23ad5682ef25a841d60517903c8,1.3970613,8.128032,14.124889
0x1162e2c16009153cc44b9353cca481e2ac2aac3a,3.650625,7.038555,13.727035
0x1188e4d6c751d79e27cbf38309803b998318a7e6,3.3625991,6.8680487,13.858646
0x11ce8c10fc72f4f60c9158eb89fec07db3c91535,0.94879985,9.660366,13.310176
0x121c93d3accf50bab046fe499fcefc07fbe6386a,1.3347744,6.7490606,12.220873
0x123dbca6a27005a3c4ce10cb66ee8ece8fc13bff,3.4838245,7.5406117,15.54244
0x12651d08f86bdac553a60c8ec096b82bfcee5677,5.7978225,7.603991,13.487163
0x1279a8132c775ede3e738cc2a753ffe47d009353,1.6824801,8.047845,10.526672
0x129a84fcf8d83a3262167a49e82e3d8bbd1e0e90,3.1474228,9.32342,12.995841
0x129cfcdced580dcd6c2e0e1d6ac3f608e0c66040,4.727676,9.002206,13.0240135
0x13558be785661958932ceac35ba20de187275a42,5.369929,5.438482,12.987747
0x136e1c6460331e7b37b51f86637a5a89f386f419,1.424802,7.141365,12.425341
0x13f82e5e34b9c78aab82705dbb194871e123168f,3.7815022,8.82199,13.28872
0x1487af3ebe050d379b5b6157e41b41cbd4ced372,3.5164404,6.3688717,13.49778
0x14e2ad432297508f8ef3b26d7e99e81d64d05b57,2.0652187,7.776984,12.820533
0x14f5dd7ca3e4ef4aba7431ad10d9dacaf14fd103,5.8072643,7.3905587,13.257679
0x14f8e042905350cee7ae0cec27f092f10dd912bb,1.4827213,10.369231,13.053015
0x158073fb0adcc6626d3db8ed7f64bbd365af2152,4.375736,9.172867,13.4051895
0x15b00c5f27298e0503c2aad79024f535c90a27b0,5.3395915,8.792267,13.429984
0x161acffcd4b9a6c482c53c4b1a856e21a05f89f2,1.686066,9.577273,12.0640545
0x162cc7c861ebd0c06b3d72319201150482518185,4.436396,7.6353397,14.872708
0x1645d9a3a4fba8e42fb9698591b6fd4e6efde3e8,3.6878073,6.593857,13.72277
0x166e9c3e0bc7f1045a251f01c7e3a2307623c68c,5.8917556,7.427614,13.279383
0x16837157d4fe589feac7ef09aa317309edf550da,2.2522686,7.6470084,11.00194
0x16aa234e82d7b51b8757110cbeeac6a65351785c,1.4563246,9.292665,13.171786
0x16d81b2dfd8d6650b2013ebed328588e7c26da24,1.3416073,9.58364,11.863703
0x17241870b9263ad46f3c717bc1a36089c8179d02,0.48566112,8.004142,12.046769
0x17871199db05b9ac99cdbdbb09d5d67e2c636304,1.3673337,8.934742,12.451255
0x179c17d04be626561b0355a248d6055a80456aa5,6.3891144,7.3139634,13.410745
0x17c5b01bc17593bd9647e98fe7f292b32f6ed4f0,4.913565,6.147756,14.706278
0x17e018cde4ba0b1a83e3b39eb6cdf7bc439156b2,6.4187665,7.7368956,13.316104
0x18363bcf247a7d78fe56d7fb0915d7d258e54093,2.1208162,9.189737,11.679271
0x1846e2ee0cdf5bc0bfa710bcac0f39ddcc43eac1,5.5999413,5.8362865,13.455508
0x18705a4132aef19e17013ceffd6ca7a71baf9b36,2.212291,8.689798,12.790608
0x18ae3ec77652efd09597a577c100d97c1169fbb1,4.9113674,6.226967,14.764486
0x18cde66120c9195fb6e50a4b1e13bce4c85d1300,2.2891457,8.110312,13.816111
0x1932fe080e333c5b07fda595d369362b653cdd4f,2.943613,10.659965,13.436626
0x193c6bcb33eab0b35989f2b6d1acc922b66409f2,4.4545035,6.207071,14.292939
0x193e049fcaedaae146084bbc6d6c6d4b2888ae46,1.5207046,7.9873214,10.385873
0x19951dbda49ea27130a2bdcfa8b4eb788ebdcf5f,6.116295,7.2359376,12.905044
0x19a837a58f819970a3c044222668ce21ad9fb557,5.476752,7.4310784,14.094203
0x19abe6cee288384fac7e132518088322905bb027,0.3135544,8.117673,13.7967005
0x19e7ea01bf96f7c02b4f47feefe524a6fd9a7c6e,0.6877962,7.1885033,13.048119
0x1a5612386dce50174bd467498afa607df418d7c6,2.095584,7.9497952,13.717954
0x1a5ac4d790b1a163bf8b3552df15029e6fe1c4eb,2.891611,7.162759,13.661523
0x1a6f24091a055890ecb411129977668ab55473b4,3.7349408,8.605698,13.334629
0x1a6fed4bf6ae595834e6d2d56c72dfee26e99715,0.99618423,7.3694134,12.066541
0x1ab71cf3e39a36b5ada54f0575c6534ec04727ab,3.9158132,5.8782454,13.480866
0x1c1891461365cd8aa4a9c0fc01a141b004c8f2c1,1.5658444,7.230267,12.518058
0x1c1d478336767da180097f48009d147f99aae1be,4.9134393,7.7057395,14.039768
0x1c2aa40ee858e655d18b5e5e9c17517bda099824,3.177316,6.7253537,12.374299
0x1c9e242d85fc0e4376ad1ea56143b9fdf9f61017,6.8336062,7.414738,13.179065
0x1d2a3b568e82678f22df040485b8cc006f3d0ea6,4.689809,6.074961,14.044128
0x1d7572c57cd347d52a528963ced066bac626b7fa,1.5705428,8.363253,12.492458
0x1e32ab6deb18952c6625e6e65628bb49b5d0a768,3.3421142,6.6815248,12.483668
0x1e771e1b95c86491299d6e2a5c3b3842d03b552e,1.8381474,10.268235,13.318655
0x1ea27bce786a81022dfc156059771e8d3279a9a6,3.6251674,7.578388,12.888629
0x1ed8d101622beaf192d06137dfb220851bcad9fa,1.0240914,8.958828,12.173815
0x1ee9c17b393a85f0b237e72230016b2c16b9acd3,2.9328303,10.723334,13.45352
0x1f4ab7e9acebb8b591e74b81e34bebe8be9bc934,1.3321999,9.648892,13.173045
0x1f75442e5d0856193986560934e1e6eb5faaf3c5,1.4224509,9.580485,11.816021
0x1fcfc47ca84bdbf6d3a5e860cee32ecb9427c323,3.771987,6.4946756,12.951803
0x2025137a136bea7446deba681cbfc7cf1970840e,4.7356706,7.681847,14.482317
0x203f4c410f3c35cead9f35b6de2f66e773d7f26e,6.1242695,6.870768,13.173702
0x208db9f389989c5c387cc3a2620cc5251eace716,4.4573727,7.6273956,14.910829
0x208e6c516ad70b394ba3578d4f7a2c61eda1c907,0.73732346,8.141496,13.999094
0x21e54e2b9b02d2c0ad2197d7ac85c34151674012,1.432249,6.7538548,11.952732
0x21ee4b39f27afcaa6462d84bd904497f44411c5e,0.5827481,7.9182997,13.224544
0x21f1d8b5235f065334d7344e09b930692bf5e806,0.4848895,9.037947,13.289104
0x21fe273e04336c952fa0de439ad00529a9dd7909,4.7907124,7.5250225,13.016231
0x221c1bc9d4407526f9ca2ba13693256117afe6d5,4.718872,6.5674505,12.245412
0x2291a8376fbefdd4847a3c47992f0ee650427d81,5.716968,7.1810846,14.356098
0x235aca84e3ef5577015cfc3e22f0ac390e7e1fc9,6.2842145,7.5556626,13.7552
0x2365c1c88327d3c9acbd4d487392643f2c9049d4,4.9531116,6.7735868,12.582024
0x23abb0ff0b1cbfd95b20a0fd72b83a2939f0ba5b,5.0409603,9.108855,13.321651
0x2431edfcb662e6ff6deab113cc91878a0b53fb0f,1.2350478,8.055893,12.784481
0x24496da3077f40a183231741486430fb1a815c53,1.5080703,7.9740295,10.3635645
0x24a44aef48aeb27c7708dabfccda14b41fbf0ae1,5.156774,7.757492,13.957423
0x24c2fe1544fef9056db52c91d0b1fb4b1dc4e48f,0.82527643,9.18365,12.243261
0x24d02e64d4a2580d570666546ac937adab2b3e08,1.7618562,8.658016,13.505545
0x24ecc0841eb0ca9bb60ce585b886c826cfd62d8a,2.8820724,8.892517,12.550771
0x250a09aafe5c4e63a8c11d1743e19694d79ce113,0.9707317,7.5482864,13.35423
0x252530586e885231d62edbf1b6788177ef5d6b61,3.9081154,8.927286,13.065052
0x25554a80781ee62414c3747e81c3f50157c634b1,0.59803957,7.680918,13.027404
0x258a4b8a8447c61aabf1bef9bb14ee4d69efff03,3.0638902,7.6935124,15.372635
0x25cde502eb0c78409b456d1aedaa34a5ff007765,4.480269,8.183814,13.27242
0x25d359b0e809c64cfb661b2541dd2643c6f6d72f,2.5355887,8.654348,12.913717
0x25e7de497c501f102e88f1798c003042f14eb9bb,4.863993,7.518472,12.98397
0x260db26a5d85e9e6983257e8af71a60e95873d6b,2.4461064,9.015909,12.973945
0x2759d5ef1d8d0dbcd893ee36b0743b77fbe7c9e0,4.9581733,6.5309367,13.528299
0x27c9fa86c91b84ddfa15de58c482ff662498d65d,5.6444554,6.0455575,13.54669
0x28233e5edddfc9f71f0cecf58ca98f6a2ca11f43,4.5608277,6.0262504,13.960756
0x2874aa935c118b8e170c35ae0e75e507d1332218,5.8655996,7.492725,13.853765
0x288ed4efc8fbd1e42a06fe083ea942d20c90b336,3.4788926,6.7444644,12.953067
0x28ce248832bf0ca164970a062ce0e48f55645ec8,0.85207975,9.521484,13.102048
0x295e535d979c61a0ce4adb4e0bbabd8a0acd6134,3.2120404,7.3715286,14.369269
0x29721caea4427b6bf8061f2fee469a62be1d02be,3.3351915,10.106851,13.507002
0x29c26825b7d43ee6184358830c862b2e80b2f685,5.5840464,7.666025,13.804448
0x2a1d4a8adc73ed606a5376b525e58792c64f8ca0,5.0668154,6.2284136,14.815294
0x2a6e0b832b08c040ca59625025b6b8aec96a29f6,5.9550633,7.237455,13.092772
0x2a934d40944e2b686ee9cdce74a3f67d32cd0347,6.5888453,6.452528,13.083254
0x2ab1086462946b6f6713d6fddb73df7abb716554,4.667502,6.3115106,13.0393
0x2b294f5aaf6d6f8081bc98069ebd8c4eb60cda44,2.3975182,7.581434,11.292921
0x2c352e53a2b471b0d98f00d6117ee40e708c72b8,3.5000427,7.177896,14.181205
0x2c841dc4b15bed72a9a6e98951229951fda18fcd,3.3725207,6.912786,13.332596
0x2cb562384765bea1612ceb60007e315f904fbe86,2.634371,7.4148445,11.266151
0x2cbcfa87aa570d72ad7b376e729e167071f1cd33,4.5966196,8.58484,13.049685
0x2cd991f48ba31536a96b772536a1daaaedf150ae,4.3464203,9.000991,13.694788
0x2cd9f4645b14bf968212c7c108213eaeb193946e,1.3469081,9.263208,12.367144
0x2ce1af69a615704971daaa73a2e54faaa18668f6,5.081433,7.979825,12.692578
0x2ce1fbdd33020c5992021c8924134590f66a2acd,3.4223359,7.675092,12.816106
0x2d19f73005f0450c5e9f459dfc7e8da9c581b788,3.7615125,8.705247,13.10273
0x2d5830b16f7d9dbdc12024bc6df011859920f320,0.5424667,7.793708,13.960897
0x2da0b905bfa45b9ec7037a612bb8d9b76fddb8cf,3.7618732,8.634285,13.418381
0x2e1aa624f04fa7ab7198c6fbfeaa42a707b42c1a,1.1782167,7.725992,14.211348
0x2e2dc7dd191f8aa6994368b3482a4ff9791ae2b4,1.0212343,8.970767,13.36185
0x2ea35ef03178ccc7ab44df03a9af7a06180a208c,0.89529264,7.7886863,13.223435
0x2ebdee94cb5df4a8f4b5acab118f6d4e55896aed,0.73376817,7.3943963,13.314155
0x2f062d9aa98209d2c79a744b0d4ef203d363b7d6,3.8840258,6.22817,13.097291
0x2f47da39204b17c652b20c72569aacc7adbd719e,2.702112,7.9968305,12.989569
0x2f55331b4fa24efa8fbfeafb896669c0733f827a,5.097382,6.1447735,14.78528
0x2f6c194ab47cd777053af1fe799a63bf30322ef8,3.6609375,7.564371,12.929239
0x2f7479ad52a75eb90a9b2acfb296a39d41828c36,1.3867439,8.208582,14.009966
0x2f85b47e90de2de52cc054e8622a39645ae7af21,2.8944733,9.397566,12.981267
0x2f9d7b4d0bba27aaa92173460e0520740e7d069b,0.71855175,8.610195,13.446483
0x2fa0b8a5dfbdbb71a7aa148d4cc45dee9ddfd3f3,5.4773,7.4773865,14.046838
0x3005fade4c0df5e1cd187d7062da359416f0eb8e,1.3417851,10.085637,13.041491
0x3093189bd4d429cb2f47d03c14b9e9200b6b9425,6.1790366,7.2920694,13.159632
0x30bd7e66f3f70e08b31d22fb1bf01178bcd7aae6,0.3446771,7.560343,13.443548
0x30d06de4ecf52727b6b127640f2d0c6cbb1a466f,1.4367486,7.9510365,10.384442
0x31323f632ecf0918fca1556ef835b1c20805e248,1.1036438,6.970936,12.788543
0x31652a303eff850f57e73f4cf8f201adccb2d617,2.534189,8.953081,12.826124
0x31ba5e1cf7629c01d91e0ac0ee984098a46d653e,1.1147485,9.355196,11.926463
0x31dea2516beee92135b96f464eeec3cf292a13f2,3.1714306,7.679581,15.446366
0x329f4435e0f22899b733756c71aa12c1004146b1,4.1891108,8.841768,13.765985
0x32d12513ab62d4dc7143a0f6cb605752ace46822,5.5452523,7.4830976,14.272154
0x32d7fb99e113c5480410768041302149897d4214,1.666638,8.840945,11.500423
0x332969b2951974fea82338ae410593ecaf98a4d0,4.9969263,5.6030593,13.921498
0x335f45392f8d87745aaae68f5c192849afd9b60e,1.3924844,9.180571,13.735633
0x33821578405bd53f0eed2895496922b528d95e21,2.5877802,8.186365,12.079029
0x339af484e526381d68e7535ba9ebcc5f2c42165b,3.5392907,6.6756406,12.978017
0x33c3b8bcd758f511b350374a63e1f880f40e0282,2.3338814,8.140461,13.911787
0x33d8cdd8f2b66bf2fdcd7b1a84d047cea6642f80,2.6313534,9.149266,13.180701
0x34827044cbd4b808fc1b189fce9f50e6dafae7c9,1.3790237,9.011979,13.076793
0x3490d181da18c9481e40d114dc20720dfd1955de,2.5147886,9.114088,12.488223
0x34f10e1397b67cc9dd5b0bbf60b022259e4d90aa,3.5140479,7.1259823,13.889533
0x3517a48fcfad0480c7d7666d4ec54edc6d9a5559,0.47890145,7.8156385,11.937228
0x351c53e98121aedb253b2e361ac6fd8d0b05165b,1.7620258,8.232034,10.894554
0x353bd2e5da5f01707dfad0dd86907561ac66cc38,5.271274,8.935009,13.376818
0x354d25bb83cdaad837853edf5a8395833a81b93a,1.090574,6.8698597,12.370683
0x35d1151ef1aab579cbb3109e69fa82f94ff5acb1,3.553271,7.578056,15.644311
0x35f739c2278ca5e0763189b0e914fce2741c8f29,5.3680654,5.7649207,13.549407
0x36230634f730c256b88d238988e2e65223734f4e,5.047868,7.08386,14.666962
0x362c5006ed0a405c35df4a138cb38d891f1a1a20,5.2934766,5.3995156,12.960628
0x365e0c115f1ca1adcb42fd21142873493df7f880,0.9012617,7.1521645,13.215418
0x3668811b5b0966d1891c47cac0ef8615e3381ca9,5.1837177,9.016719,13.323956
0x3695fb3cfabd87d3b78fa3c55ccfbfa24b34481c,1.527434,8.782826,11.644764
0x369daedbefcb30b82154338c8fd613a70c60d251,1.6051168,8.745642,14.082469
0x37283486c96d2b9690cb9296292e6e354ceffb4b,4.6232166,6.5793633,14.46382
0x375155cebe185bec39238de94e079838c09d84f8,6.256545,7.4933324,13.2608
0x379f7504898f834b83e20f601477a08ad29a296a,1.3286145,10.164127,12.677919
0x37c1e493c8a452ab3f5a6d01fda87795b91e7851,4.574966,5.86415,13.6138315
0x37cdea0c9af695a5629a75e28a20724a98147918,3.974991,6.4368954,13.027717
0x37dc4d2c58c63a296f720e6ebf1419e83d74a4b3,2.0624404,8.981998,11.577281
0x37de2f99bf85ebc078cfcfe6bbc6b58f5d8c0b65,1.1200444,6.8464456,12.46923
0x38160dc5b34ced1307ea5703802b32ef6f70b9a7,0.98064715,8.0456505,13.535799
0x386638d449ed54b861f006826d0c419bf494910b,1.6668549,8.108186,14.116517
0x386eb74c3b9844648b365c7c59de8104f869173b,4.8369093,7.187721,12.316609
0x387c6f0718b20260dbd61d428566be5c7b2b0c19,5.3995337,6.435342,13.784201
0x3895d155b005191686476a39580d43258a518e46,0.87278473,8.898848,12.0627775
0x38ac9012a1be7bebd73d497d803f302fe274cda2,1.4156688,8.8446245,11.504777
0x38f6b8f24a984b98146086ae74dfbbf862de76e7,3.0586815,6.6592164,12.353022
0x3966b0b9cdc41eb44dba2fce775c1b5d2248b1eb,3.7381816,6.1374025,13.132437
0x3980be8a221d45eb9cba07a93bcf74f1a1ee9c62,2.3388414,8.338491,12.923893
0x39868ccaad5a8883d53be4281fc9c74ca06ebf8c,3.743332,8.682471,13.255582
0x3998ad17e3fd11f60c24cd3d8b6552a4eb4ff3f6,1.1323857,9.797855,12.90132
0x3a1191221d6cf7584fa220378b1d911c5a051f95,1.2553266,6.7833066,12.3303
0x3a122449de235a40481689442271c0731b805d69,0.580505,8.794639,12.887791
0x3a2c2b2792ee39c0a8c412531607719435b18a32,5.3664436,8.627595,13.391731
0x3a6747c8e913085e243a2c22d188dafa8c6a612a,0.9312687,8.862952,12.1016245
0x3a9953003034c9d4f512e91f7dbc0e0698142a5f,2.8329344,9.2393875,12.977903
0x3aec1659ddb1f2ff7b9acf786bd65fb69fd78742,1.1371123,7.877973,12.848317
0x3bcae23e8c380dab4732e9a159c0456f12d866f3,4.8152075,7.7466288,14.427897
0x3be3a8613dc18554a73773a5bfb8e9819d360dc0,4.714632,8.725412,13.73456
0x3c0e813045a321155e9baf4d39ef35c881eced75,4.940461,6.6902084,12.040557
0x3c165893deaaf04ac79f4f959594747b6ef77e92,4.2826447,9.170944,13.826113
0x3c16fc881bbbde5771e9026fc888bf5493e3b4b1,0.6151364,8.250561,13.533768
0x3ca32dd3666ed1b69e86b86b420b058caa8c1aaf,6.4362864,7.3365097,12.820295
0x3d0a30a158a92abc41609337c2f68f04926778ca,2.382547,9.022042,13.284638
0x3d21e3d9af7ca1d76305c9eb2fb510b7af920659,0.6849257,8.029153,12.766392
0x3d6184223dd0d5239947793746faec00b63ae990,2.254626,9.653886,13.576647
0x3dac271d1b36a434880c527a678b6487ac9c1f8c,5.399902,7.4519944,14.163114
0x3dcf345bfadb9961305ed5ff535d31f313d52ad0,4.0645113,6.362966,14.154361
0x3dd7cac1a7bc4b8c40af140e18dbfdcfb9e73a62,3.2468462,6.7782617,12.401295
0x3e0a05c7254ffd8eb2e75adc89ad785c67ed2f62,0.2546786,7.7092557,13.751873
0x3e54b5ebc95c0fcc1b059207576cbaa7b0db1c6c,2.417825,10.52934,13.354658
0x3e5dacb70247b57aca1d62b927c398ff05b7e570,6.1290216,6.9856877,13.385815
0x3e6c5926f682b372c0a916a5c245ecd7ea8b9d8c,1.1617553,8.251458,13.553798
0x3e6fc92d4edcd1156fe211eb4d3aec1bae2922af,4.320606,8.978802,13.570442
0x3f3801e032d4768dcd61c48efde9c00708f60159,3.8426847,8.702518,14.035357
0x3f8793d2a0ec69f0bae47140886039a4dc63a960,3.977291,9.02301,13.967556
0x3faf35a220e0d6a3bc3cce4ca54454aba68cfd6a,5.0116053,5.917562,14.469407
0x3fc56e944aa7b1594c85861b2d46a07f82a2c0c1,6.3804584,6.634168,13.328064
0x3ffe084d89a2d7c5981fbb8313204c708300ab70,0.22556368,7.866052,13.915618
0x404a68af7d1afe9a3fa37ffa9c515b266938f721,5.221276,5.5653667,13.864785
0x406073860818ecfb7dca0706a6bac73faa95bd3e,1.1923127,7.4869704,12.851282
0x4073d6343f9658dfaa765a0f17fc7e23e38f7a0e,4.301594,6.647897,13.734539
0x40b9d20b782635c1257efdb47fb830e677f4bdd6,0.30607322,7.7727604,13.912328
0x40ba8c738819054d5d44e7fa139344d721e54e40,0.4851523,9.548994,12.80297
0x40dc0fa2553e8a97e56f39d595b2753eacfe91f1,3.6254675,9.68752,13.390266
0x40e494cdd7f6ee95449e06a74b767fb93c3623c5,4.9059258,6.9787636,14.008843
0x40f565826fdda5c2f8f174fdb51cf4d5b516fd75,0.98174363,9.038611,12.064318
0x40f6b6909659d3c76413e613fa8a2c5100bca864,1.4155477,9.719824,12.153911
0x422f1f07f40f11bac71db4f520dd0ea1ff20f2c4,6.4937077,6.475847,13.344739
0x426c1520e4d07f968d224886878646412d37ad95,4.8551836,6.979454,12.320082
0x42982dafd5577db35255bb1dab0b288464844de1,1.4539003,7.1752887,12.045622
0x42fd5648cf21c158d15e4f58785760755b3f6623,1.0035485,7.359445,13.233302
0x437854ead22fa00c7d3a8b0a42b0ce06c8ba2145,1.3888404,10.27277,12.831973
0x43f9e33ee7761bca6b75fbb36d6c943ac0b2be77,4.4446363,8.230561,14.072489
0x43fa26c444767ea3b82ad2f998bc995305823a32,3.4641864,6.862497,12.774463
0x445fc160c4ad86f57b64d6e94f4f80be1ac7039e,4.5603213,5.7571397,13.168295
0x44c9c226cdfae773002b3f86d3966af3cd8f277c,2.3440843,8.032633,13.888751
0x44ca31a9915f7fdbeb340d04fbfe3ba64440d1c6,4.9610023,7.1216254,12.211092
0x44f481f406d178c278346c5f94d8ac19438f7edd,1.1034319,9.61722,13.12188
0x45323d50a3e1ca8fdf24df0a323fc9e38fd6b01c,4.841221,6.7108917,14.644993
0x454e98e79eb566e9147680d0ab92b3529165f16c,6.5625825,6.307772,13.145603
0x45650086c2688797bf9470258777396c87033b4a,5.1613693,7.3842044,12.845054
0x45c42fbd450b5506f8dc819d46036630fe75b81e,2.5667233,7.9020925,13.123824
0x45d26f28196d226497130c4bac709d808fed4029,3.487386,7.6313524,15.652682
0x464210fe13b2bc741954c48218d124c1934f103e,0.1997927,7.9901047,12.386761
0x4648baa72d8cfe3f31882fe52bd9fd8e6d539373,4.8393326,6.6892,14.652593
0x469e9a7f624b04c24f0e64edf8d8a277e6bf58a5,4.6451635,7.494564,14.387791
0x47649d96f78ea3a70db88c745913484cc558c7ae,4.9592843,5.821292,14.553475
0x476f75a7ddcf6ca1ed1ff6c817d7315f216ec60d,4.7108665,7.640666,13.769554
0x47807d3f6ae34ff6aa1fc8fe4e7b742197c1e125,1.5808994,6.687282,12.472752
0x4802223a6e38cbb730783923978a5aabb7ce7b2c,3.2870004,6.889805,13.848579
0x487649b053bfa3e0a65898145ddde5d4d3e77e50,2.9001436,7.632009,11.810947
0x48b5c751c2d63ac9134ce31f8d3e08b6836f6ee0,2.8095791,8.3895445,13.947243
0x49801afcc5874c7cebd8d968f960a8cb6c7d7eee,1.0996214,8.93455,12.284513
0x4a19c9768629266caad38bd6857c6a4161532c19,0.82588017,7.2131996,13.174627
0x4a1b3580f7ac72bc54175f05b76092eeb7a266aa,3.8151457,6.4794397,12.828418
0x4a58938dfb597c1dba490c8c44f151812e0606c9,3.0327005,10.6431465,13.491718
0x4a96036fb1529561fa3eeeb2781fad2d4f25500e,6.607719,6.6582847,13.177704
0x4b2ead13203f217fc8b6853f9c99fccd1bf53598,2.583468,9.2415285,12.903574
0x4ba112fa04f3e360f8eb7444b776f9ebaed82fda,0.41027328,7.843266,13.030393
0x4c60401b03b5b444750abb01f142e9f5c65ee7a1,5.7001944,7.2167854,13.186256
0x4c6eacc86bd4cee8f41cf257f054ca53b2cef8b3,1.2591801,9.470814,13.264728
0x4c7d7b58b0da6a7dc7d49f48869318942a0f60cb,1.3238586,7.8922086,12.933692
0x4ca3b77417ff7a534e951cf56e3fc353e4289b35,3.237491,6.816216,12.363292
0x4cf1aa03b2ee27f922c2b089dc9f7d3a2551e717,6.269897,6.4993515,12.458584
0x4d0984009c62830b9f762514716f2c6b34ea228a,0.3579326,8.533076,13.39442
0x4d3e7f2c578b5edc58eb352da6e73b1184db7a4a,5.0414805,5.8854766,14.047631
0x4dd6e1094e99459bee550d5b7f20aec4b5de7bc9,0.7733047,7.7489295,13.16892
0x4dec0a851849056e259128464ef28ce78afa27f6,2.1894805,10.199261,13.398597
0x4e28af8a99e17b481d397218031d987cf587c638,0.9802612,8.91367,12.153848
0x4e5578a97662a79c07b53e3f1e4731eb9676fb57,2.3200974,7.7726946,13.057609
0x4e587b749ed7650189f240d24c1173a61e70f536,4.234001,6.556282,14.369313
0x4e7cfe8e3e20284ba246978abaf301c5fb0ccc9c,4.9637394,6.0816617,14.698546
0x4e994d450c7c710ba4baeda5e249acc71f80aa1b,1.5878242,6.9621506,12.012304
0x4ee1d18e68743d9e3e90e43363342283acc9a36f,1.8468566,8.09668,12.936872
0x4ef1c5ae65ab5b37629b7aa523e7e95e7da528e3,2.1598299,10.359502,13.34967
0x4f0a6c8549404112b43edacad9218d2444a18487,2.8416178,10.738679,13.455539
0x4f23f946562d26f62a80c06b4a6909da371cc4f7,3.525085,6.311828,13.296308
0x4faf9534f8f029d03561d245b3b442b1c2e14ee2,1.8898118,7.9859223,12.6180525
0x4fe53e953f1ff4454d144cb6f4fee3f2ca9363fe,6.4580927,7.329091,13.164499
0x4fec34a3ba424b0212df81a9a8023051f67cf3f2,1.1955193,8.8384495,11.722085
0x500a8d2934da6f7831e3996df1c8c5a5a74c2274,6.347529,6.389935,12.535297
0x5037dd2d561525e10c9f4ac1ea063e72cc23b3e2,3.3011227,6.859409,13.722326
0x503c3dbb6f21f231a33da05822229026e8a88acd,4.703654,5.894953,13.207278
0x5049695d6faacffd34f2d24f3f0ff8c64d88f71c,5.329744,5.8240952,13.934076
0x504ec17f392b0aea095a1774146316bbeb464683,1.7610244,8.175524,12.685044
0x50f266d501093145fc8d0be13b77b5be117abcce,2.98204,10.684426,13.468097
0x511b61c739446eb3f336e3f77d06b78d80ae748a,5.0730844,6.9157476,12.113292
0x51447a58623311e3e6c6e767d67dc36d890ad464,5.1438537,5.382738,12.97484
0x516847aa8d762ca0dfdf012228e6cf0609537e2f,6.2887053,6.312556,13.260747
0x520b50cd80e03468840c191a76fc6a1709580416,1.1190015,8.436526,13.981304
0x526aedc92fa08b871293def33e978de997ea9955,5.6144586,7.5193796,14.21842
0x5280172565587fa7a741702a72d7f748ed57e812,3.854493,8.738027,12.888066
0x52b8d45659c6d822a13491756b7a40ec0e339523,5.6088133,7.7922235,13.636869
0x52e8156bd13058682194c8989fcf20940bb6ba2f,3.85591,7.2091684,13.817511
0x5333c1d733794e02f34d5f0d88c65d03fd2e4db1,5.5519238,7.9991746,13.755353
0x53822864019ef6048b595d11f87b76e5f3c0c33d,0.9721383,7.4327974,13.324435
0x53c1f63a8885bda1a337da715fe7262b5a04bf0d,0.72352904,7.78942,12.348584
0x53c94dd4f1e2c3ea2b624d783540dd8cbb631b4d,6.2028494,8.027586,13.474279
0x53ec525b9df849be99263311f5b7f9fd6cfebea6,1.3041378,8.225548,14.008019
0x53f2736fae551c998d4e72e519f1acf474264de4,4.9070077,7.8358917,14.175368
0x540012097465cf0beb9113a0a28c4484d7c57bdc,1.1692017,7.8293276,11.834153
0x54a4473edf9330e26ac9c9afb3a68f1ed88df865,0.3441495,8.868087,12.619428
0x54bd2e897572584825271df17a484c15941ed647,3.6989365,8.782552,13.303552
0x551946bd7965303493ff47ecd8c7f2ba8d754d0d,6.540715,6.275894,12.996671
0x5559da6ec434c5723d0ce9c4da7f29e3f8a3d43b,6.0408444,7.2540765,12.745551
0x5580a06e60598138dbd5e40b76cd67f99da748ea,6.751828,6.178322,12.801987
0x559556e3bbbbfc72852ca4c5dc262fe1863f6ffe,1.7602588,8.1738405,10.917792
0x55d51be4b89897654a5899a41a6b8d0df01bc91e,4.8566694,5.600272,13.122335
0x56468ed7460c8d4d04b9d222a89e220d1f120951,0.8007827,9.638906,12.794075
0x565b1c32936bdaa526947178acc95c5b08cfacc4,2.6539702,8.379355,12.832114
0x5690fd2f011c86c2a6de8fcde2d7d1c5e314abd3,4.447351,6.381594,13.250327
0x56b9b59209486bf07efbe26bde84519b3fe6276c,6.270821,7.9544578,13.419728
0x56cd86d6ef24a3f51ce6992b7f1db751b0a0276a,2.8806748,7.816992,15.233349
0x56dc7459927c4b354431673054dd56734419bea7,1.061346,9.015502,12.063744
0x570b09e27a87f9acbce49f85056745d29b3ee3c6,4.8824644,6.6051965,12.360795
0x57404c3e8cb9957336ce2c8cd5d0b8418db09945,6.0435905,7.563177,12.619547
0x5772e5982a6067830f43cbcddb9d1bb1cbc81657,1.2217398,7.4510765,13.178419
0x5799df76eaf3b7c5714f1be1d8e61c5f568dde63,4.82036,8.165169,13.052267
0x581796f091e9304d7796a86916886d95fa544dad,5.505017,8.093697,13.377911
0x581cbebf0e7ecf4cb49c9be8de4cefcf91c5f953,3.6690562,8.930616,13.260187
0x5876025aa6b9735e77d90fafd774563ea7a5c325,6.9396963,6.397574,12.733355
0x587d923fe6ab80db02845bf9ab30587db6594690,2.5167572,9.604771,13.071519
0x588432f54227364caf999a6df88dbf86a90f4772,0.6693659,7.6721845,12.370992
0x58a049263e0754cb51a63248c34ffe07e8434899,3.8491337,8.32981,13.510487
0x58a4a1658f0eb3774ea787a8c31619ce20437929,4.9016743,7.1668515,12.229927
0x58ca77986fe30d06840a4066236ced1e93d0a713,0.14463183,8.376535,12.609754
0x58e4ae56be8da7e60de849e0e76f58324f443dfa,3.1313517,7.83215,12.218337
0x58f0ffc605dcfa5263b285fdcb5269d76fcde5b9,0.39866593,7.664,13.515296
0x58febd84d38a93165e5c3c8e7b1a9bed371fcd1a,0.9709939,8.677919,12.455738
0x593889178ac483d13c181cc159653579722e357e,5.380191,6.8870406,14.484889
0x597077efeb1bca71deaf556bac4d8e28a4595bef,1.376366,9.633287,13.150727
0x5987f1a632e283403c4cab7b0ab1d39bbd43515e,1.7507696,9.081161,13.739869
0x5a2ce6edcd82d9a9141bcbde7b9559f8816838ab,5.1461678,7.3516784,12.796939
0x5a629e148f9e0a33f56ac9a7e441a70357725a27,3.878978,8.754536,13.257495
0x5a7581618829f377a16be2338eabdd03fece0eaf,1.6834506,8.165553,12.80266
0x5a8e21c3a73cc4742ecf1f422379a6fbf1992a42,3.0924907,9.399137,12.994471
0x5b31a472f8156568bad291072dcce4faa43fb05b,5.1552567,6.2441015,14.790239
0x5b58b4713ebaed279dd35fdb42324cddee324050,4.969918,8.439401,12.914036
0x5bb247495cce4a090ff1923ee9c44e28e515e8d5,5.5728235,6.961139,14.411209
0x5bb58a576733d839f954d2f3da15a90abd44e1c0,4.895857,7.925389,14.055506
0x5bb5bb67feb8f7811d6ee305d6b8eedeaca80727,5.4296746,8.008377,13.753754
0x5be006222a45b583a3aa032bb28a1ea642d08595,1.1352369,9.108871,12.2375145
0x5c0db52c100b26f7add20caadf6d65cf475fd377,1.3639666,9.069731,11.598267
0x5c976811cf5e44294ba0f510aa670177c3750360,6.211717,7.3321524,12.799277
0x5c9e30def85334e587cf36eb07bdd6a72bf1452d,1.0174729,7.180301,11.597337
0x5d2f4460ac3514ada79f5d9838916e508ab39bb7,3.5373156,7.5877275,15.62997
0x5d510582063ed6c342d27d7746f551631ef68432,4.9390316,6.0732775,14.697713
0x5e0c4ce4d138c75f649c07e1a49986149f0fc404,0.47078776,9.240706,12.603501
0x5e196385ab94dd1889cb7f521ff74053ee423cf8,2.1936364,8.129959,11.233701
0x5e53ce97fcd3abe46f1ab45abb3e9a9c5e19f193,1.7688195,8.703811,13.366351
0x5f1ff6f82d95ee2aaf599577024c5d37c860b0a8,5.0291967,6.884891,12.168156
0x5f496c4c1b68633c859f45dea8fdd56e2d01971b,4.00827,8.989553,13.328449
0x6049ddfd35e4d9098a6367e36023f2a36792b642,0.054674067,8.058223,12.567906
0x60ab2f1bcedbc889cb515f12f13b91250721bca1,3.732304,6.3656435,12.823686
0x60ddd3d9544461df849b1eb4f39ce8afaab928a9,1.1934714,8.233193,13.171225
0x60fc81b4411f3299befe4b39ae8c9832271663bd,6.7126427,6.1436,12.839211
0x6111d8e041ad5828dffc523763e7ad85ebdbcfde,5.6149926,7.2701535,12.995335
0x6195e397e225cac7a04af74cba2d7ddbba1a419a,4.697019,5.593589,13.195566
0x627855d102a30bad93260dae28a0fd6225607c2b,0.19406545,8.647,12.542055
0x631abae0e172c21dd37fa303bdd9deec22d32a04,2.8151999,10.385083,13.496516
0x63d417a577b50c96f4f09148d4e4d70950db0522,3.0474167,9.351414,13.025762
0x63f2b41de83229a3f44b628e11713a2a60ae6f55,6.441326,7.6838827,13.336612
0x641d975e362e5e5cc95ca45347a0bec0b8aba1bc,4.846416,6.938886,11.991923
0x644f7170fae9d4d173d9217f03b7a77e22ed98f1,1.0619655,9.088845,13.72542
0x6476d5c547d2bd26f827acb38faa1a0529bf9e36,4.2198763,6.4250183,13.91212
0x649156ebf0a350deb18a1e4835873defd4dc5349,4.8256316,7.3817363,13.881716
0x64a422cf6935b01a88e11345c8d6b0df6d25cfa2,2.3056686,10.6873045,13.290869
0x64d0c26f561c1a653a2fe48337e9970275564d45,1.3667436,9.293738,13.586732
0x650ae977f02ac4e74ad4ab421a91af3bbe4309b9,5.058895,8.045828,13.816791
0x657e21723ae99c05c9c2a6032343c7865bcb1940,1.6865273,7.69107,14.402166
0x667b8184fcb9e83bf3180bb42f5c67374cde679a,4.495058,5.818267,13.279453
0x66bee313e91a546b82a33c372b5a9c2a6ae3fbce,1.7431382,9.362156,13.687794
0x66d1f704749ced8c60df03cd0ccfce05c5d87fae,3.8155081,9.228132,12.920176
0x66e541024ca4c50b8f6c0934b8947c487d211661,1.8495443,7.699068,12.9584
0x6716b42cb0731a530c8e1374453967a85fc17d44,2.5309222,8.93589,11.925123
0x676751fe55f734245651fb781908befff96eed8f,2.894017,9.423455,13.232877
0x676a9ecfffe15c07cd3e043172f322036a3b01d9,4.137814,9.206539,13.892739
0x67cb2a595c76cefaf66a64392bbc8cf88dd3f46d,0.44699088,7.8491917,12.309882
0x67f7aa8fb95c47e6ea9c517b623e0701cbf9d9ba,2.331228,7.078805,11.381119
0x67fcc46ed2a63971697dad2fc7bb0091fe89e51d,3.1508548,7.6505756,15.419121
0x68d017f8c75d22af6a48aa6f2f697c658ec15599,4.843945,5.9454985,14.513909
0x69148ffa0028a66eecf0709a3f99f656ff675e64,5.2864513,6.985782,14.629724
0x6957d2139d29e7db7913ac21e813f2a561e47ac8,5.4777255,7.014853,12.963723
0x69767b5edd1f1ceef919fcef19bb46d345368590,2.9681118,10.30002,13.443117
0x6979dde2781dc4ec843641b10b2a2f2e0f4bda62,3.8992505,6.4479074,12.940748
0x697c8c14cc04181b26d227c2e97241e3b1e61207,2.5615613,10.54438,13.391801
0x698077864c25a27b46e454885ac18633c464ca1e,4.321072,6.3801074,13.547331
0x69b05701f8175c276ecd0138387a197948e240bb,0.4895548,8.224065,12.946775
0x69f16a2a571d32265b5831318be9387f8aa894ae,4.1574116,9.096877,13.04039
0x6a4fd7cdc7964f396a0b672254e14ee43b5fa59d,1.9990028,8.640246,11.211779
0x6a7a17046df7d3e746ce97d67dc1c6c55e27ce75,5.663028,7.2338524,12.889551
0x6a9e7566877b52b13b28230b5543cbccf3685870,5.618675,5.5166607,12.896256
0x6acf5dc82237396e07d7e802bff984d8662360a1,6.5798764,6.776732,13.052631
0x6af6660ed5ecbfa39db3d6bf23e17bd426a183ce,3.2845728,10.405527,13.490034
0x6b03361ed8137dc2ee5ff88fc968398b993cff4b,4.846395,5.6916494,13.6827135
0x6b44fb3b080c233c6cb0b2d70f4b5694fd528572,2.5107129,8.294116,13.737804
0x6bbeaa7c0668557ac6c81b63d4451647db962b76,4.8185167,7.7726254,13.945215
0x6bea81d7a0c5939a5ce5552e125ab57216cc597f,6.114175,6.9780293,13.61731
0x6c8dead29a3ed840dac654e1a505045386bc528f,2.1721933,9.113873,11.63908
0x6c98064cd84c09c827fb76e772dbb805f54aa564,1.9829385,7.7605305,13.142422
0x6cc3dbb19a92839e7972a8097a092f1aff4aadd6,4.0379543,8.75473,13.220368
0x6cd0aad83408ee9fbeb851eb68bff5aa7ff16ee4,1.3242666,10.230229,12.778687
0x6d208ed7f427f73e75bddab06c76cb3b31bac290,1.7748982,8.142301,10.699333
0x6d6a4b953f202f8df5bed40692e7fd865318264a,0.20965932,8.293703,12.873243
0x6d6d7c05ef7f31b31b618400495b4ce4092a5089,4.7098765,9.28529,13.612173
0x6d88506b45cd8af98c51ccaf047e619c6789ab7e,5.248794,6.8209977,13.681535
0x6dcade414ac7baeeae0ab8a0298728e521c7ddf5,5.1032887,5.6888213,14.252166
0x6e4615587375d1f9161bb97d5c4a3611a22bd884,2.048194,8.002435,10.914137
0x6e88dc3708afc2b0032eeff625df78dcde1e741a,2.4519196,8.481003,12.958431
0x6e9989debf991affd8dfe4a73efcbfc8cb658473,6.241388,7.546681,13.02917
0x6f142cc70bd7829d9b41350b5dd13ba20388a473,4.2212505,9.154958,13.025651
0x6f7d75c18e8ca7f486eb4d2690abf7b329087062,6.534838,6.4558287,13.134909
0x703c65097b0caeeb6742bebd12b04b337d931b94,1.8401006,8.501825,11.188968
0x7044be555aea5bddb3b9808658500d4e0d0a6b6e,3.553322,6.2257338,13.896477
0x70516b444bf37b44e8c5a2980d04506038ac51ca,0.70497966,7.8460865,11.653525
0x706bb519b05b7dc01d048af9a5e29d1ef5d6d9e3,1.0443705,7.4730554,11.852576
0x70875c76b1219a5e03ea43881a2e90faade89fc9,3.5310915,10.061895,13.507462
0x71195903d21fc9c6c045e83c40b38f6cd049b388,3.729615,9.26078,12.881629
0x716373c2d4420f24d7137a0c524239b176c36af5,4.1915197,5.789524,13.326667
0x716c4b3548599076cd7faacfef0d6a457fd87cb9,4.7484517,5.7424397,13.511632
0x71aa6c4e87225fcae2df49f977c7fc0d1e8d2112,4.046581,9.343272,12.993713
0x71f060a388589f2917df5e6b79a1e43baad1b611,3.446079,6.4589367,13.075518
0x722e2a523d7a57f312f3957293a88ec90b22c4ae,0.9620096,7.2516875,11.610907
0x724691a0fd2d1ac28a556c97f0a2f5af21ca4ad2,1.377135,8.966743,12.909545
0x725b3732f5c755978dcde41db58a523251016e4b,5.065518,7.063076,12.167778
0x7274c9ee5afb517572ad0af8557e8b25d2796b43,0.3493197,7.7929296,14.024962
0x72cb918356c4f6d3f1b2e532928110ba6995f139,3.2600987,6.651363,13.936983
0x72db642e6c803993aef6fc17e9b159c536508bb6,2.3035958,9.14059,11.720086
0x732f7178048a7329cb37e251845d4d39d62ab4ae,1.0582585,8.063727,13.667031
0x737ea32b0458103019a2a95a55bac57cbc834d44,4.9399505,7.263694,14.578547
0x73995eee247170539a46aa715fabbd4d5d42b55f,4.7559958,7.9694533,14.057169
0x73c0adabc111af82269ebcb4e9022b1ca3b90142,2.1131864,8.5784645,11.273143
0x73cdde45485932f12b534d1826577aa1197edac5,2.5356033,7.6634474,13.139376
0x746392101b030f5303391a7dbff328e82a46f5ba,1.3597789,10.292056,12.840763
0x747ccf6d082c7db449aa9db49e6001089627c27c,2.9337077,6.5878863,12.304219
0x7494959e4f1ade929df61abe0aacf05109ab19a2,0.16636483,7.8090057,12.9637985
0x749af60aeddb86cd0aa41e50f546097528ec9cd9,6.66129,7.2563686,12.992562
0x74dffdad17f5343419d606985908c67d2988f87c,0.46550208,8.052707,13.7436075
0x760ec8576c2dc5dba2655f7b948c0689b02b6cb0,5.2207947,7.4650297,12.867727
0x76537e159ef79ff8dc8ae21ee0763a120262d004,3.3993716,7.7656164,12.494572
0x7717a7a245d9f950e586822b8c9b46863ed7bd7e,3.4771914,7.6125135,15.626756
0x775054e47172f14130eaff0fd60d7477f8086acc,2.8774297,10.692498,13.446156
0x7786498ffb58bedc6c392a4a40789be5c2da240d,-0.03524113,7.9256616,12.660072
0x77c1dca853d201165f6d8bbc66c7758bf620cff2,3.640656,6.2142878,13.036155
0x77d4aa158439c01cac7d726d1260ec627900ba35,1.4335351,8.231395,14.031267
0x77f12d27fe3a7eda486bf899ee274562928844da,6.2661715,7.424584,13.586693
0x77fee2df7bad4f1db93052fa82bf78eaab771a16,2.7948344,6.670356,12.299764
0x7810bf10e7e275fec9c18e043c97309031bdecc2,2.8724248,10.529763,13.489846
0x785dc7204e2da8694c045e615562e946aadbf914,5.1283345,6.8525906,14.736338
0x78d0c2356dc952307da3d45184593ecb8350c3b7,2.3822434,10.367756,13.332239
0x78f6c2458b53d0735208992c693bb2b2dafebb52,2.709499,8.187247,13.734381
0x79ca2977402aba6b2e45504b94e21124f825a860,3.8520389,8.817721,13.392607
0x79cc76364b5fb263a25bd52930e3d9788fcfeea8,0.9705091,8.880838,12.429745
0x79ce160c96df1a6134730a3cae977676c8c40310,3.5407987,10.136716,13.533967
0x7a5a42bd6b1fd13368732be8a7b63e06064e0394,3.5318859,6.3589783,13.835593
0x7a6d5fc57f6906f337c48fe2763c3a501304f79c,5.2650986,5.9960175,13.59579
0x7aea4799452f25d50386e81029794e0ebbb6ec06,4.710006,8.119399,13.976756
0x7af0b7a51c6bbf3970a5d0c79fc958f3d5ec58b7,4.9921207,5.6095924,13.947495
0x7bb5367d1584f3421342f22468cdde4be99ef8db,0.02882155,8.066383,12.642556
0x7c45b26c41c29330d042003cb312e73a3912024f,6.9958124,6.3550634,12.775133
0x7c542bc686c47e7f6f77dc807024540085343e21,5.8686304,7.5753913,12.962668
0x7c976f00e84db0b44f945fc6d7fad34b43150a1a,4.113943,6.5992055,14.582255
0x7cb240f9b12e246e727a84bfc13fee5cfe96b674,5.6218634,7.6572313,13.576703
0x7ccf204e00d31b392ccb1a752b6855cfbd14db81,5.0016184,7.4792867,13.94472
0x7d5c17cddaabc227c7d1a34ac7f6cdfda6985d48,3.641542,6.0436463,13.462726
0x7d6b355ba07f0db183c83450666300eb1c391722,4.4215307,6.3799505,14.326473
0x7dacca323e44f168494c779bb5e7483c468ef410,3.2695482,7.6454105,15.455181
0x7dbf212423c43880ab46a79beb0bcee839a22ec1,3.4932752,8.159296,12.646861
0x7dd6f02fef939cea86f0243358255f6b57a6cf0d,6.3804574,6.277541,13.230892
0x7e09dfbba23d078e16f038b1ed4c558185c4be1e,0.24025701,7.8635545,13.893209
0x7e0ac529ee73c23730363e9581454c1fcc432f87,1.1027029,9.163561,11.788768
0x7e19c25679a5f4cc1351e80d428ebe6df929adb1,5.627671,7.6482863,13.523392
0x7ea852a2d9e31f41ff945908fd0bc02df969bcb1,1.1888797,8.582138,11.783181
0x7ef1c8219dec5cfd8ee71c7079bbe4c02ae5bb34,2.8364167,7.0530972,13.189157
0x7f5698c34f131ee79eaf3151e0ad0c0b8ff30bc3,5.7905426,6.9049478,13.087211
0x7f725a5f3e5534493cb895fdfdaed6e124c8ea82,3.0137622,6.741783,12.279214
0x7f9571cc340883ff8781dca34afd8d07e3c8147c,0.34195223,7.7470922,13.321287
0x7fad4c348250b9147db503f9aed91e2d935d96f7,5.0294104,5.537502,14.069966
0x7fdafde5cfb5465924316eced2d3715494c517d1,3.5359676,7.655287,15.657645
0x7fdbbfd13b3bd45b4d14a3b226f35a049e094176,4.3967867,8.733205,12.965531
0x7fdf3e814f84e69831111f1cfefeb0936f81bb63,0.3170847,7.5352173,13.520597
0x80f80b9cbad775b4fb9d699d34f5c5acc4615bdb,5.013857,6.020788,14.780143
0x810ab853d951613a567792a675922c6498bce29f,5.682005,7.5389533,14.128338
0x823c638f9c799f488209bfb98696a06d30aefa4b,4.3035326,8.603456,13.975249
0x824500007d01d0dece344915d54aca3c5dff468d,4.7150283,6.2813816,12.982637
0x83058a4f598e0d43b5e9b6b9d7bf5b58015bde00,1.4948838,7.961981,10.391959
0x830e95e4a16c8302db2f1071d4ca4bd1d58faafb,3.7324386,6.7529254,12.833649
0x8341af1b5e1143d505db8d76b406a4b4a11a2ca7,6.577515,7.8911333,13.2310915
0x83d1ebe7921366e38c77395ba62a3aa6e048b091,6.884902,6.3249354,12.866342
0x83dbf9f6fec1d59a2979397424be2148d9c556e2,0.2584472,7.8841357,12.102831
0x84282a0d37c4ba71309071575d55f2bafc779c82,3.2985516,6.460588,12.511151
0x8460c4b782acc844da07e169e06e9a4fb19da0f5,5.2760806,7.7472777,14.113862
0x8477e447846c758f5a675856001ea72298fd9cb5,1.7940569,10.436079,13.215279
0x847bd1ef4fede0fe191129894d63044843f4d473,2.2941983,7.1595583,11.309655
0x8482694d9bbf434bf2801f49be04dee5bc459d07,6.3634586,7.638662,13.063859
0x84b5ffcb1d9abd86f4fd26a2c9e5a9b54c35c9be,4.8916497,6.825214,12.337258
0x856c35038594767646266bc7fd68dc26480e910d,3.4433076,7.614153,15.621553
0x85d09eb8fee0f8258c03203c2f659ddf2b2620dc,2.430234,6.6930647,11.945955
0x85d5bd326078f2879891647d9c2505d3c3599022,3.509903,9.538388,12.997841
0x8607a7d180de23645db594d90621d837749408d5,3.4305396,7.581554,15.594766
0x8652a73c8c5d7b0e2d66bf548aef0b6f11c7c1eb,1.4605849,9.465086,11.693686
0x867178b25c021ec7dc3512c2d37a9b9576345fe1,0.41274506,7.9559503,12.94516
0x86f9030af10cf3cbaf229dab662beb0dd263f91b,2.4136975,8.483248,11.965217
0x872f4f0e2ffb6d2098650c22075290f8c6dd1210,1.4433918,8.583223,13.896292
0x87a726a806f48a435d8bf627678c85f26b46c1b6,3.7213776,6.3596563,14.031672
0x87e8b39e166388f9fe6e57c291afc441c9e3a515,1.4388337,8.799008,11.682245
0x880ac484a1743862989a441d6d867238c7aa311c,3.534545,7.6384635,15.69116
0x88812b4f3a593bcb6faee35fea189af677d6d00d,3.4811168,6.2770176,13.279651
0x888e000c78b8f1aada5b3c99f880794907b76d77,5.6048646,7.9450755,13.050902
0x88aad701c39aa2acd2cc170bc7c90750cfd36da1,4.919024,7.2458076,12.721406
0x890ee2210dc42e041dac383ec776be6d31c9fdce,1.5560024,6.701248,12.0372
0x89132efe9fa560caf50d505273502c975e4805ab,4.707004,8.016329,12.978483
0x891408d5f39590c66a6027582d36f6471e33738c,5.0437937,6.4222813,14.698418
0x894f4bdd9c09f5748bac8c82181efbc10aab658f,5.403747,7.5028906,13.34806
0x8958d618dcbbfe55d8c8c55969390277d6088fce,2.2685087,7.4595823,12.768507
0x89a4e7b411cebfcf66347935bb84f406eab4be29,5.1932917,5.6334624,14.087361
0x89b61dba1332032926967cc935d17e4d61b88ce5,3.8764637,6.150959,13.209206
0x89bdfd6caab017d28d9296c2513e687db99b3df2,5.0521064,5.393981,12.926092
0x8a249d31750d727e6a3a7b534255badd575aa26f,0.6430122,7.829035,13.430726
0x8aa077f5998d234ac8641d73d6bc4976e2a210fc,2.6586244,9.351952,12.9779625
0x8b93510f919e899f1ada34937afb1add4784b7f5,1.2374214,8.965691,12.385904
0x8bcf7a888c66f635ac4a2caf42a8dd12a3b20b14,4.8785167,6.628157,14.376961
0x8bd095444e47297c6355738aaef9d088c144dd87,2.0525753,8.442427,11.147302
0x8c1144518360000d4c6075666e567e0f06f01684,3.816477,8.622118,13.394864
0x8c4e43f8180e43a0d9996a46b980e512ca023eaa,3.5982862,7.238511,14.145537
0x8c57e3c4af5b1ac13b2895db009cdd7eaccaecf1,4.231664,9.065632,13.594347
0x8c7579a7da5e61278ea6a65b11b748c0cdf32811,5.279241,5.5973954,14.040834
0x8c96793dc602b414c08a926792ce0d0cc1e34914,1.0934058,9.399985,12.551222
0x8cc94dc843e1ea7a19805e0cca43001123512b6a,4.2186713,7.5108795,15.054409
0x8cfe260e9c32ea92a9b9abcfce743a07c1933498,6.877117,7.064968,12.952049
0x8d560cd078ce24220432194d3d43bb2623620c01,4.2426076,8.986477,13.019925
0x8d7d0fd0c765848d873ae710db7a9a1960ac073b,-0.013928746,8.0010395,12.742629
0x8dbc2ef3943cdac4df2d18f31099121d5f250282,5.115712,6.0817595,14.826874
0x8eb3f4d468a9763ee66ceb63a0c64b7044c2aa2d,4.390983,6.308047,13.203498
0x8ec2a23e27b723b02a8643669c97185810d17a68,1.4343191,7.699736,13.317696
0x8f0065370d489f90e60f0524df95eba037451cca,5.3820853,7.4963737,14.004732
0x8f308355ce0604dd4fd872309d5761167655b07c,5.1787944,6.3882513,14.287909
0x8f56b335a7a5a9ecd7947457af2e957715d8a3d4,6.6333513,7.4183373,13.008042
0x8f5a760b77fcddd0b2adb87786510e87346345e0,1.3422761,7.216012,12.902426
0x8f777d20fa76b6a55e2313b3c1367621c134cfea,2.3237822,10.218751,13.389319
0x8f844d3c0c06526387fa01d165fba8c3984efdac,2.4307725,7.9630904,13.367121
0x8f8ce8014e0e41aab563627beede5b6861869fa2,5.0478992,5.6934557,14.315551
0x8fc7c0442e582bca195978c5a4fdec2e7c5bb0f7,4.9319677,7.417134,12.479869
0x8fcc8bf64de304c53a9fc4c34925bd72a6c934a0,3.9625146,8.356561,13.28076
0x8feb3c0e3ee18dfb4a408011510f0998ba14cbdb,2.494916,9.23144,12.861772
0x9075c8f93cd30c1015e6fbe9718f0bf2dca4e2f0,0.4878958,8.199578,13.751159
0x90dad6c5d04d416864c205fa961aa7d5b2d29782,5.4539475,7.4859967,14.296679
0x91708ad3c4c8c060facf2900b508e030edc26c61,1.3827785,7.7600884,14.259967
0x919bea57e3d2439e8bddd7e6be3281dbd2cfc2a8,6.291882,7.460867,13.778944
0x91d7ed568372a4cdd7ee827920839b2073c98287,6.779028,7.473907,13.188322
0x92b585bdf2d67c0fe321108b863ca4617dd39fe9,4.1215587,7.2512655,13.476988
0x92c9d75ef853a2549dc460c2ae527fa9fb32112a,5.1572695,7.249976,13.6735
0x93966e15e07becb89549c7bf7a98514b063d8b20,3.3971384,7.901492,12.335235
0x93d06fe55a98b64ba0b465f24f2de9b6676b1f8a,2.7604759,9.85724,13.147708
0x940587add074ff0c4dd973b46018af4a73a81f36,5.1048274,5.374066,12.942433
0x94e1fcaf9e9a874ed3e55d962aa2990c7b6137ed,2.5383673,10.417611,13.414001
0x95494598be091c63f90543abab37fb2594ad7670,2.8774257,9.166798,12.7703905
0x95b5653dfd12b0bc13c08297869621c9650aa6bb,4.297099,5.7225437,13.254285
0x95bfa1c0b133bb39364bd0f9feb8390cfb6a8af5,5.013445,7.3524294,12.905862
0x962068a929dee5574f32bf8bbb255a64fc925471,2.024987,9.124369,11.642718
0x9660f151ffe595afc65e64d38a55285ed8fd2021,2.1918607,7.825877,14.293623
0x9690bcfc1639abff887c8fb62b48ab787b2dba3f,5.3078804,7.25277,13.187756
0x971fc0c9becffd708c52a195b8a87c27359e77fa,0.26270807,7.969437,13.861961
0x975f178fd8a566d98bc935340064c691fa4d8881,6.1002126,7.000498,13.208043
0x979175e9df167d049e786c6e38a819dcd1c27a23,2.903355,10.760611,13.468178
0x97a5b11030c9da93df7ae7cbdeac024c3be3d304,4.6726074,6.5773063,12.302527
0x97e87e0a699deab71756390a65b54eab729a3494,0.9535681,8.657235,13.585267
0x9803e982c4eb6d9b9e416966814e7f9fa4363bce,1.0545032,8.6923895,11.665199
0x9859d1542cbe5e17f3fd30501e900a7054e293e1,3.7969453,6.900652,13.141054
0x988caf2d1aa1ffc52c666f67d9a3e13a72ba6e04,2.360132,7.5267973,12.73163
0x98af32a3cc76d02a8a0d5709f6c38d77a767015d,2.6119914,9.011753,12.528935
0x98be9d68c5934dd7667eea4427f2958d9cff1bee,1.5301261,8.005945,10.400468
0x98c40917c68a955a7102e667de9bd39677307b2c,2.488381,10.670924,13.3537445
0x98cec79d24bd44bc8452f0339da697d7992e4a15,4.595419,6.741047,14.434044
0x98d5c0b380e528ae8f1d5d75d0734622d9a2e930,3.6809728,6.196579,13.635491
0x98f4cb6e8187f2ce3939eda8302f3b47d673b0f3,1.4620214,9.50129,11.758899
0x996a189d8111a11e33ce2d37af415da0d608cdae,1.7436253,9.097516,12.8396635
0x99b1098d9d50aa076f78bd26ab22e6abd3710729,6.5520654,6.247943,13.173657
0x99bfe8e92dcd439ec785c8d809ee2b4c929734c3,0.7392979,7.455546,13.438797
0x9a1f196ed7d537ca8ebabf0816e2f87e28ee52fa,3.1757245,8.135958,12.34943
0x9a377ec81c1bd51d31170bf8d7a7b6c5fbaded9b,3.6901417,6.1277795,13.315922
0x9a4cdba56446a4429d23be738e651e1c24032d6f,3.6722357,7.8378882,12.842879
0x9a6c99729b04dcb806ff75fda301eb70c41007f6,1.0460608,7.208751,11.527127
0x9b5b1931fa5838a891973f9877c7648c93ee80cc,0.25762755,7.8750396,13.905019
0x9bc5cf674521a6e67f512ec1f46042d99f98e267,0.77255917,8.4327545,13.807453
0x9c1e6856dcda3d1f163ab7bcbca7f3e0db8f6df1,1.3131769,6.6973267,12.388105
0x9c2a2a966ed8e47f0c8b7e2ec2b91424f229f6a8,3.579298,6.575744,13.199534
0x9c699b83ddf6cac6219ad4fc52539c0f2b4d948e,1.4062504,8.20425,14.189805
0x9cde2b9d159036d49a9cb98d0560efc928c139d0,6.052195,7.517742,13.321608
0x9da99bb7950b89ebb1d882bbb735f91b62f293f0,4.317043,6.2583413,13.15066
0x9daa04af6eafd1ca40ee14e4aa134fbb124cd977,1.5726027,8.57062,13.972136
0x9db82c502472d76742fdd69609dfcc6e01327401,1.5608621,6.7236886,12.64352
0x9dfbb2ba3d2c3c714256eb6832e9aa742ad793bd,3.3119857,6.4212036,13.422303
0x9dffaaf1f97fd0a17ed02bddfc48843ccf7b6d8a,0.9684504,8.038362,13.243986
0x9e66cca6526806155713e412c33ee6e791f43459,1.3467762,7.9290476,14.285637
0x9eb42f017e793512e4734f8785de605c4cb3a24e,5.224105,9.022699,13.352521
0x9eec98d048d06d9cd75318fffa3f3960e081daab,3.5125093,7.62295,15.703198
0x9fb470376f12af151c9ce88bf7b4acaa13bad02b,4.4486804,8.071382,13.893069
0xa004841ef541f5c1acf968c768ca158a10c66922,1.4764717,7.9358945,10.349964
0xa01763dcdf2d7e23c3832b309a67ae51b509e910,4.023102,9.320205,12.976762
0xa080c59cbe8901e1d6a063a2517bc47759aefc42,0.9472545,9.106047,12.839966
0xa0d024842a0364a1b1ca0cd09b2f1235acf87879,1.6174537,7.7772374,14.347441
0xa11f83cbb07fd0327415bd424b986132e009f643,2.4921575,7.545204,11.278079
0xa16991758e40c934e9e13d009a692851662ce00d,4.204803,5.7684827,13.2138815
0xa1b6d8efbcb2fb750a84dbc05649fa4968034f04,1.2066061,10.046454,12.933433
0xa1e03bcb1a36da135ca61b86dd1d6da9a9357489,5.121977,5.641285,14.2585125
0xa231526b4905f25491d6a7577315a05f99e768b0,0.8939645,8.813375,12.051822
0xa24c5ca26c41cc52aeac1d6886d37f6dd5d6949f,1.8453971,8.82125,11.536286
0xa2a204c9b6ba3d4d978b562d1753fcd54dd3f8ac,4.9151583,6.7132025,12.549667
0xa2a31c959a1d63964b20838219e6ac307b248d18,6.6298385,7.793823,13.277491
0xa312114b5795dff9b8db50474dd57701aa78ad1e,3.5575233,7.613519,15.677659
0xa3250f55202d57bcd7b04ab5fa256321eb44e29e,0.33069476,8.093706,12.206928
0xa32533a01bfca623badfaba89fa28c079b8671f7,5.063203,7.3833055,12.792956
0xa38157f31371eec73fd878097c249f16472b066c,2.3254888,7.380833,11.173282
0xa38f19c4ccbcfd64cff676d72c436f7e6239dccf,4.1721087,8.470595,13.358343
0xa415c4ded17cac76a1d81a54d9f4aeb48ffd4dd0,0.2732606,7.888243,13.94579
0xa4be91acc74feabab71b8878b66b8f5277212520,6.611514,6.511149,13.060056
0xa4def896580eb78603cb59167c87928cb52e657b,1.0830917,7.1919117,11.626198
0xa5040f2091420d5b4e6457ebde207f89e5421b03,1.3596888,10.153488,12.680136
0xa5367338a7ed2e1387f762aa0fac9275b917690d,1.315239,9.916241,13.190833
0xa581bb0ac1a7ec393e76ccd45de2bfff6146e213,4.916244,5.7307377,13.442844
0xa5b1bf0579eb8463be37f5496e3e8878a63c5da2,0.13536589,8.560245,12.93797
0xa5e3b79ebb74c75d6f415aa0b5892c83a3628fa7,3.4095814,7.7869062,12.5822735
0xa5fd942d4badbab4fe84a9e10f565dd40d5f15ff,1.8599513,9.558552,12.795953
0xa67bc60919b724fbdcd7888e2ad6db2366b1f127,1.053533,8.315725,13.941965
0xa6bde2bb456610730be4279cb14d75635543f781,4.985238,6.044787,13.810488
0xa6f030d4760afba9eb585c5fa00748e10fee1dc6,1.3202323,6.712967,12.382061
0xa702488d5ed9e785a20303a7471023e7210a9ecd,1.7440267,7.6506605,13.071296
0xa716706dcad2e4460a53b304d703b9a2c4450b22,5.140314,5.959669,14.767325
0xa72dd12b9329e6efe095c030f361131604a79586,1.4436592,9.811669,12.626141
0xa79209ea1068974df387b72a5034d07c0ae6aaa8,1.4116526,10.046948,12.652443
0xa7bb99a56c80276c95cbd231cc1f222c465755f9,1.430582,10.348468,12.93739
0xa7c6a3c3e6239b68a40c998c958489d03e66707a,0.6694495,7.770879,13.521924
0xa853a60b728b8ccd5e228b7e6045b826cd6eeb0c,5.0972095,7.693506,13.898705
0xa8755db6f260442a95d90c3eaa4b5243fc304697,0.36241513,8.407105,13.056639
0xa880d6cc607a05ea617307ab3b0d335e8d8424ee,1.6052297,7.57126,13.722284
0xa88cd544cf98db0859ecd4bc9d5d997ac8185d6f,1.1535735,7.4797564,13.288343
0xa8ccdcf9a2256a23504133c8ec1b04bc12a516df,6.7073865,6.227076,12.880975
0xa900092b2562235081d9a775aa2a26cd1b19c425,1.2914324,9.896064,12.497394
0xa93ad23df7787e595838f58eb30f1b2142c030fb,4.395393,8.086636,13.196208
0xa949c5d04f305efe3b65e41325de07668e1a9ee3,5.7824335,7.7220874,13.054088
0xa94aa4b150f708432d80d2db631832804734d705,5.053748,6.760043,14.4337225
0xaa3f51a8095d030e38317e917839c87315300bee,4.6420045,8.051829,13.04165
0xaab4dfe6d735c4ac46217216fe883a39fbfe8284,5.4789076,7.4287972,14.387678
0xaacb5380c72eb4780ba6f7247075aaf9da835883,5.1755967,6.8335185,13.677401
0xaae2f9fdd478427fb1ff1ec8789ed009347c5745,0.9833897,8.52363,12.615937
0xab0c6b87921cfa8482fe27b76c7ed27fa243c27c,5.340582,7.6988435,14.017524
0xab21291b630b03e1e79bc087ae03d1855c8d86ba,5.0586076,5.8905687,14.386733
0xab35235955acb89131d4a5015cdeecb0d24017da,2.392484,7.557469,11.080093
0xab625f3216f1c209a1c069b29491c3009f258292,2.3933845,7.514192,12.883255
0xab6521fb5dd9961da780d1f82e656771d1032231,4.393936,8.699197,12.954308
0xab7f9f687c035825ab5bb338a942b39ef6faf0c0,0.055277575,7.945255,12.473841
0xab8e601812673123093f4e27df23826bfbaea49b,0.7140622,8.218815,12.5407505
0xabcaea50f029aca1204a5ff64150279871dec56c,5.0591397,5.379639,12.933631
0xabd9bf5d961cd5dd2f40d0574334649661802e68,2.886011,10.650856,13.411895
0xac7476e14f768e3e67c195e79c2490dd20c70127,0.98167026,8.895056,12.254421
0xaca01c9d52c6a2a439651d5be69cbfa0873628ad,1.3072513,8.427827,12.585257
0xacec3accdb28be1e1e7fd2fd06e153e382fa6063,4.067404,9.120906,13.959422
0xad4518b0dd47c6601ef2bd8e2c19dfb4baa5b8e1,6.836946,7.387566,13.157006
0xad59dec129b6f5b3543b04492a603fc45b2e4fc5,2.9801805,10.387139,13.298662
0xad993eb8260e06da778a2b6adfd3830cf9129224,5.0666814,7.1428347,12.127708
0xadcf1c25c9417072708271e8ece7c3675e2b2be8,6.837755,7.326645,13.139735
0xaded86bf6e6fd72f78dca132af112fa36230809e,4.8681874,6.57948,12.239819
0xae68ba3561e49dde6818a8d78a4570b634759b24,3.1776488,6.4875026,12.417785
0xae92278e1a194220dfbe209f4794c7513ca7f580,0.5877372,9.644937,12.827641
0xaea8e3bd369217cc6e3e6abddf0da318fba8e59b,5.2211113,7.0140123,14.4010515
0xaeb9524147d59190fe3652d3215c3b3f50f391fe,3.740176,8.79265,13.162579
0xaf68caebaa151dd592112a07e2344b3950e13561,2.271966,7.258979,11.241836
0xaf6cdefeb36c0059486c5d4fc127898b7d0a7db1,3.9762292,6.393474,14.1642275
0xaf8315cb34841fab2ee94c229e45dae7901cc217,0.5175175,7.8674674,12.497977
0xafce8249317d554902292b5590b08ddd8c0df713,5.0491915,5.8247333,14.244813
0xafe7a09e5ae06f04a6a52813c869d01dba501520,1.7437552,10.092959,12.842417
0xb002318e7800836974018ab0cdce6a69161588ca,0.41053107,9.481677,12.780968
0xb054e71293e24acc83b50880d31ebbdbdebb9ab2,4.235854,9.07384,13.354874
0xb05ed8d08af44a4decb46fb24a27302921be5917,6.5373435,6.774261,13.134336
0xb0767b217fb1530b064bb1f835c57c047c08ae72,4.089655,8.977792,13.386471
0xb11259b152b5c32eed8d788a0566775b57328c0c,4.5169888,7.879753,13.258468
0xb141e5281265988bc271244c29fe9b44c3f780e6,1.224274,8.972161,12.434539
0xb1694de2324433778487999bd86b1acb3335ebc4,6.125252,6.6997313,13.337071
0xb1c517a30cb7cea401a538f6ac8160e75bba65dd,4.0064664,8.501002,14.156963
0xb1f431527a1c7ac13cf87075f1bd2e07af6b5892,5.1180305,5.3441205,12.973503
0xb20b39a15a72e203c752dfdcccc3c6a4e37dd2ff,2.5141988,9.4601,12.956393
0xb235769014bd63de9ef56995b291c26ba13bf561,1.4478902,9.457,12.126994
0xb294909b2b1da1fe6ccc963dc673bba9f41ccb99,0.30496043,8.530809,13.49275
0xb2a7131040bd752a98861dc8b2089a5ccf767836,4.363329,5.69756,13.397547
0xb2e3acb1dcc359eb89699dbf5d0cd43600cdb668,4.2888227,9.072911,13.143039
0xb3162a3c788399d9ec236c67a5af083dd78c8022,0.91613495,8.705143,13.769648
0xb3754a0f3eb56fb6bf6eda48dc503b9979f4d883,4.86974,6.579958,12.396084
0xb38a8227df6dd21223919dd94da17923809ea1a3,4.028079,8.965066,13.9650955
0xb3e343f5bcecced6325928a2c199b9a161f3e238,5.26069,5.62691,13.92027
0xb3e475368ed0fa0ad23c04de0423d48a0758806f,3.9335513,7.431799,15.212373
0xb3f4dc6be3f023ae493622ae49ca4e0affa6d9d1,6.6566286,6.1329603,12.8614435
0xb3f876c9972339a1405346b1a8a27204f0bc154a,6.2632504,7.433616,13.065548
0xb4192ab96664248c260f9b7e3ef5d55b55b55384,5.187596,7.802243,14.037091
0xb49dd0f80e827d59027dae0da689adea7890c2ca,4.611648,6.0722117,14.380429
0xb4ab53a1392816ac685be2f60d6e807dea91d207,1.131555,8.470402,13.976644
0xb4d96c7387a45fa2cb170fa1436a86640ab00eb1,0.3628609,7.6681957,13.556507
0xb51a9a44a8558c04ae821ea1088ab5857a4a7ca1,3.3653753,6.7504,12.626163
0xb537ef40717b400ee2c38a200d859a37ab577e9a,5.1059875,6.0750575,14.769656
0xb58216005588bc45bd342a2525d52e05c69d13ac,-0.0340743,7.9646597,12.777984
0xb59688d2512fda5263f3d90397b3ccb5ee941417,0.91100043,8.100797,13.000107
0xb6210eb2662589db1eb6796c81d3f017645414d3,3.8716986,9.5515995,13.24846
0xb6f1d510a8e18a9ba14cec92791c026f8f3b9072,3.5387943,7.1805816,14.320313
0xb743650b4f77bc022e0f5cd7dd7b742d791c521c,0.34911895,8.001898,13.783666
0xb756c89e73c8711a881c009e10f79b1566f80cdb,6.434936,6.3087306,12.532423
0xb763e8b9208a5a0bef08f200cfc76c0d03e7a5a1,4.690152,6.008673,14.024802
0xb7789ab9f0d568e0aa5469e3cc8eff8682fc8673,5.2997165,7.7508936,13.530621
0xb786074078d2cd10146521b500cfd8a154c13b2d,5.697649,7.6270995,13.774806
0xb7a869db5c694f5fd833b158983f351a9738262f,1.2805936,9.441658,13.412108
0xb7ad15ad3457d8b4a3f9c5007bbf27c1f80092bd,4.497503,6.819077,12.421237
0xb7dbcb88405517f71f9d37db0a9bf2d86b0972c5,2.7474763,9.204882,12.772949
0xb847748c6119d1d91a6613d549d041242cbd1c24,5.6457806,7.58669,14.240794
0xb854f7f40f0f3e1801fb6d8828b6f6dd97ebf33b,0.4230149,7.8197403,11.964006
0xb89df51412ae506e83679267c12140ed340599e1,2.256297,8.908163,11.670519
0xb8c104b71db6b86e581c0f65fd80672e3e653b20,1.4318551,8.637941,12.033218
0xb8f43ee0513e53309b9d6d6a42dce8fdb694b04d,4.718997,7.4193645,12.348537
0xb9022d736e1380a322bf9e8c1cca4b0c8eeaa09b,2.5372622,7.357613,11.187362
0xb9b59769a0a92cb7e0f335606460b32aba9df895,1.3727481,8.79956,12.035289
0xba5f4f92f396e6de20d3dae5eefa65f4ecca806a,6.6760225,6.2041135,12.722811
0xba6de73b64eca3ff95c4ab7e5328912c360bd003,4.8488464,6.236455,14.646157
0xba939edf38c0ae0cc689c98b492e0535f43e4550,1.3488913,10.187549,12.7131
0xbb160cb61e694570f9d570f9fcde7c61dd2143ad,0.43435973,7.6883335,12.6892
0xbb475febf78b528f4f0d4ae1a12541406565199c,1.3928719,9.2300415,13.741369
0xbb610f103dbdbd7596857918b1f0aadcd4743877,1.2695096,7.7883677,14.290154
0xbb8809c3b90f2b7a8d2ad576005e596cb79a6330,0.95742637,7.59995,11.869694
0xbbf7d7a9d0eaeab4115f022a6863450296112422,0.8175874,7.3038187,13.295051
0xbc433ba7c34752448c5361e5ed3038628a1753b0,2.2602737,8.267948,13.846735
0xbc5bf88fd012612ba92c5bd96e183955801b7fdc,1.7039316,8.836578,13.522466
0xbc80d11005f958934735d61f5b71f05060cb1d9c,6.347993,6.6418834,13.213416
0xbc885692418ba89bab77a43e6e1d66736a4d0910,1.1567991,9.623257,12.211872
0xbc96c07aabafbd813a21eb88cd4ce4a5b458c9ac,1.4143451,10.329104,12.945692
0xbcb75d7fabb14f28f43c109de116d28e15dd789f,6.8562946,7.4204564,13.230605
0xbcf128c44cbb52a14c395a4e5b66591902cf8bf7,5.262295,7.034609,14.68582
0xbcf828248672d3cdd7e8e375388f05c6be0ae47c,1.1561244,9.55968,13.406495
0xbd03ac5d302b76deb5820117ebfbb1600c718a47,0.8701207,7.922708,12.258124
0xbde7d5dc6eeae1b0cac8d10edb030b2a274fa3dc,3.3538115,6.6776237,12.474368
0xbe3a0ebf8601c8730d676416f1bcdcbb526eb1df,4.586223,6.2546763,13.781569
0xbe524ebfc0092dbb782f7022c473aa76fdbae9a5,3.7566156,8.692448,13.026907
0xbe60643f8506bb02de678f9861ab9df0b6f83135,1.2697089,8.3270235,14.145204
0xbe7a6bda55e5e872024d450af22c1aa08e60b9ba,3.7143977,5.9256635,13.242232
0xbebde2013546b3dd76283c58c5652ad0e3bdad52,1.312513,6.8501673,12.1741705
0xbec16539d77067976b8c807148b2c36ed9731fde,4.705032,8.81352,13.674172
0xbf1935fe7ab6d0aa3ee8d3da47c2f80e215b2a1c,1.4148628,9.206151,12.185958
0xbf20ca628a724247b290d10c6eb1cf7dad44edf4,1.7608756,8.398452,13.847643
0xbff1def5f6c32475a57bbba43ad4f31acf67b1a4,3.7519102,8.772463,13.527096
0xc01edbb96640442257227f481e30f78eab45ff90,4.6913915,8.075308,13.992085
0xc06103cbd0ba469640d4139621977f65ca8e7041,4.8716044,6.232733,14.751137
0xc0ab956f36d36f6c1fe4f50450407a832ad911f3,0.97503716,8.456696,13.99272
0xc0c0bf18b2b5cb27dc25054be25f977e0c330393,3.3628802,6.3882804,12.5193205
0xc103ccebeef6d0f4cdcfcf3702267570c122c2da,2.3614612,9.079549,11.754738
0xc1f8aa0d8832aaf9986673c2099d8fa0fab618db,5.1279764,6.662044,14.556764
0xc1fd39727cd10fe97ccac228888f025309560a93,1.3081598,7.874499,13.055266
0xc29942b172a7f8b9d95f5bb221a077a5282a0215,3.081079,10.576419,13.45955
0xc29d294b9c254d20ba7e20923f31a8fe91d4faeb,5.4902463,7.8034353,13.861588
0xc2d25de009756d3e2ff8a69fd68a02dd7679a8a2,0.35054442,7.5321374,13.465091
0xc2d4ff17906940004b25884779c74aecda24fb83,1.5719031,10.399945,13.135718
0xc2f3a965e92aa4017d17f925f3df337127bb02ea,5.117833,5.3480854,12.960698
0xc324f6282a0190386505faa74de5d14cf2cd1b7f,2.2733433,7.874445,13.247174
0xc37d58a86110db1e8090a500404323eb7efe67de,1.3290216,6.7260594,12.298317
0xc3fee428d420118633661b813f01e32ba165a9ff,2.4375465,9.519746,13.191806
0xc436b9bd1ee5052be77e48a5662d5b095c3c5193,5.016035,9.016769,13.54258
0xc43bbd40a1bf61e27315682b8e0bad6243a50708,3.3603873,7.546375,12.771348
0xc4ca8f910702555f0ad3f81edf17dc82b0f98bce,4.6356764,7.726049,13.11895
0xc5981fd0eb8c61f65615ff75a1d093661566a0ef,0.113743104,7.8497376,12.407018
0xc64538ad4cd1ef3488e01911cee90c08c243363f,0.2934691,9.209843,12.698602
0xc646224852c03ce5eb15834fe8c4b550f1dc8240,4.990791,6.7355294,14.23042
0xc6bc7557069f7ba9f38d69f63a891a78d16c0da2,1.8603648,9.437233,11.832724
0xc706c87bcdc12747b8a7882dd047dc280b44d30e,3.824554,9.305748,13.016721
0xc75d9370c9f769b05baae78204a89854db920c1f,1.5997219,8.370009,13.367508
0xc8160b24922664d9b3cf7f0acbc149dc33917d15,4.121523,8.1045,13.659225
0xc81627434af14d5b35d808f40227d18d41c35c64,4.0925455,5.7976117,13.304863
0xc81dd6c8424a398f48883ab798f4af06f1fefaec,3.5381706,6.2343526,13.643522
0xc8c1ce90ae6e5afbe5a62362b3ba30664b0602da,2.8906832,10.509673,13.449844
0xc8eb3a7f5ffa882c6ee9f689ee57800f9eaf5f1c,5.447906,8.651128,13.483026
0xc9ac7d67d204257cb1063c710630c676e05fb378,2.2538128,9.294783,12.914168
0xc9de7feccfd93e89b52e4ea019b56ea1a3e56f5e,3.6312318,9.557615,13.1938305
0xca2460f2d3a1294d4b50b816fa515c82ea7a7ff2,4.939399,6.0903077,13.340936
0xca9fde63b8c66a713a5c9531e5aca8ba5a7d50f0,3.4011722,6.530607,13.525462
0xcafe0099a4422a3862ee3612bb909c74fb767777,1.4328723,8.1336355,14.146596
0xcb15941180ed7cff8b3547117eca6b78cbdeaf9c,6.5833764,6.7788987,13.066569
0xcb525be5530b95a1f3b2056f380ad3be61a648ea,4.622512,5.6930003,13.141062
0xcc1159ebaed7316a43cf6c6e76d61a2f6fa65e26,6.5764756,7.6725616,13.317763
0xcc16e864b9a409b4baf544f09acf6d8f1b5d0e3c,1.4588836,9.638214,11.874496
0xcc9bd2bdff4a835c11861c9b6b1061ac51f661b5,4.654931,6.1928144,13.894129
0xccade4cff1224e46961a68964da1ffdb991277b1,3.5532827,7.066284,14.152513
0xccd7dc28a9d9a3774b973ab525b65ee6cf3dc0b2,0.28876087,7.542625,13.528572
0xccd93fefa25bd544be61388fc0c537e60cb0e9d2,2.0308056,8.587661,11.238758
0xccf135ab352d561a15eb7be2a243cc4fcb7f0ab1,6.6970463,7.1955643,13.094125
0xccf343eef0c5f2590ee30efc9f564b33aeb3c7e6,0.87336415,8.234363,13.888571
0xcd1c932a413868c3c84e73e195bf34c1ba4ffec5,5.0970573,5.919525,13.801272
0xcd353d93f3f9fc70f248dccdc944da768b55d6b2,5.0476975,6.0739474,14.788962
0xcd646012715e42c750a45d3fefbeaba3d0dff33b,3.5008807,6.653508,12.816327
0xcd6cd380329759474d36c2fbc7b9a13177f38bd9,3.3126187,6.867388,13.060715
0xcde682fc64f38967b71cfd00803d4ba3d60e49d1,2.276958,7.6853004,11.081228
0xce15923666fe8bfa84e9518b0f4a3512a55ac2de,4.314657,8.760914,12.930348
0xce3459424d2b171851eb8627636b2b1b4ea1786b,7.027551,6.4133487,12.731781
0xce41adb378d566bfd7a465354122332e0c9dc5bf,1.0547539,7.102937,11.999136
0xcf75d37154240a64efd59849e1d5e9b29743de71,4.8487873,7.0106587,14.713772
0xcf7cd8def28187571127c54162bb752200efa547,1.9479835,8.489495,11.936213
0xcfd732f96b1c156511198e5e2172e0895a7ca74b,5.5346622,7.559147,14.156186
0xcfda9610dd28e9ff74240a1d4136e87a77e6da82,3.6728425,6.1872773,13.514904
0xd0254dd9c10498b256b6ec3bd8de37a9ba4329de,2.9982493,7.7102027,15.302966
0xd08a4557671ca465e7bba41110a93148c90f9931,4.272589,9.325631,13.032229
0xd09fa948296e54d1ab73a0497c16403a08a84732,2.7392764,6.584362,12.268819
0xd11a880a60b889f9e88d260a3be04accd60c0efe,0.7287294,8.309196,13.891123
0xd26a77be873cdc25f0238634326f85986e6cbd1f,1.6337905,10.365223,13.076341
0xd28b8c38aecbb8a5565e9cb29236c509b772a999,1.2557337,9.244637,12.441256
0xd2e1acc0839231a039fb35e646870f276131a46b,2.2692213,7.7195697,11.056182
0xd2f03635901956b950737bbf02463dfad9f2e9e1,0.68543166,8.0248,13.768215
0xd36bd5ca74a91d1a416434d703fe20495f43ef44,1.8569101,8.400363,11.123872
0xd3efffb8c6c714ea0ce470cce196675ec86c68ce,2.3296185,9.107639,11.719106
0xd3f65b9a79950f51af28a229578352595229b76c,2.66668,10.546014,13.40017
0xd487e26c62ed8c28ce3cc70b5791e501c2934982,3.0144072,7.7031965,15.341239
0xd53e635128df41e1c0903349ebc117645b196794,1.777037,8.121598,13.532319
0xd598516dcc699ced64ee441b20f41cb2eff9c098,1.3790433,9.832084,12.89688
0xd5efacf049100c0f7f5629cb4dd024df5aa07040,5.1214776,6.1715274,14.73048
0xd606825fadd40f72d6e0e3b7b6a7ae360d491acd,3.3748565,6.7842617,12.449419
0xd62e26d9a1105897f85359128a515bdbb1aed748,5.308428,6.0291333,13.809024
0xd63c228ea09e4d999f5fb3ed7d3529756e3a724f,1.5872991,8.744698,14.06704
0xd649f9651fbe32a961cf2746e2f9645d48617924,6.60439,7.625338,13.269295
0xd6608f4027ee90db6dc45d0b4b8e2fb0a49c1f61,0.7319359,8.974404,13.226851
0xd670ced0fbe4e126f8f066d3d2579fe532f0b2ca,6.6604123,6.2047954,12.950442
0xd6792df4e2d5cccfb4962030ba3fce4628e5266f,5.5852704,8.3833475,13.584215
0xd68ea1233b1256ba9dd6a28395c00368273d3366,0.5234245,7.858848,11.974991
0xd6ef5649200101eb44ce8949f4cfb167b0c5a07a,3.09522,7.671539,15.373604
0xd73046d3c2a19f13f1fc4e061fb2898c372f0e1d,3.0064511,7.4927297,14.351454
0xd7906ff6eec3c00a66e04b17271d59e0cf31662c,1.374169,8.14085,13.16568
0xd7a678fcf72c1b602850ef2f3e2d668ec41fa0ed,6.888008,6.2883897,12.723037
0xd7b8209d95d4c05faaa505671211058d51529f55,6.036201,7.3183465,12.828721
0xd7dc29918d5869a6715e94338316529d5847a6f9,1.7519647,7.8638463,14.100696
0xd7dee6aa08a0abf95e8631645e1cb6bb923934ed,1.057876,9.601099,12.943878
0xd82f7d84a524b8e82de0cb3df1f04e338604fd8e,6.61128,7.1126075,12.775906
0xd831409a48d8b21d59245c12b1540a0820446203,4.6604924,6.8188977,12.852448
0xd8e96cbbcad00b28cefb95f8e14a2f076265771c,5.047599,8.026567,13.846321
0xd8f5d7223185fa2afcba07da4470ff6a862133ee,5.9103384,7.2894144,13.69559
0xd909ebb22d37bf8c0149f31b0c299d106f518675,1.3022401,8.306863,12.7516165
0xd91d986542fe4bc4f57c9636aa322612ae818c4f,0.08958066,8.398635,12.963881
0xd943570f7d7cf91621fc667f4149ff832a8ae93a,3.7531633,6.326468,13.043785
0xd94606128b20680539a719b07bca6cbc30786a28,5.017985,7.494281,14.389277
0xd94d0db6c59f7e6fe3d77cec69aa817121b40096,3.4500678,7.4432306,12.80295
0xd96a3304ea0fb4b6bee6ad555e874802dcd1ddcc,2.3726082,7.1211696,11.370681
0xd9d860a621535087e5dc4db775ad723630c34c75,4.6248693,8.063597,13.809156
0xd9f90dfe7b9375704753e53584e70e6d4f890388,5.4388967,7.8510895,13.642247
0xda2a9a32ce481b006dbc39df72caa953ec455d3f,2.903483,10.685059,13.479433
0xda51323fe9800c8365646ad5c7ade0dd17fdc167,1.3460697,10.072917,13.081706
0xdad058ab8e7509d605a8cf2bf7af1b613573483b,6.612768,6.8164306,13.080449
0xdadac68f07a1d73f388d2f50494397715409ee0c,3.4656012,6.3547497,13.307326
0xdb2069eeaa5eabb5cc5590a690ea3cc1f40d06a8,4.9512205,5.886072,14.472633
0xdb79fe310ea2972137d2a23658db0234902b517d,4.7401543,7.9682775,12.991902
0xdb7b0d23c740b81605c4b75543b4c1d40f9aef99,0.38146073,9.377234,12.700008
0xdb7cc6edcad37adbe3149948b17bf4b492a16a38,1.0734153,7.2880726,13.110072
0xdb871356f8935567bb9f7975edf9c649ab8989aa,5.0604415,7.0336027,12.892463
0xdbcc9132a5cf4dd5a2c4e1b5903f8c8038ef5928,3.515981,6.724875,13.360894
0xdbd1bac81ad581c7198c9d155ca468f32a0c29dd,4.775981,7.808546,14.325192
0xdc0ff96c1ddbad424478ef10a4c71cd64c76e688,0.42513976,8.153734,12.822314
0xdca131ba8f428bd2f90ae962e4cb2d226312505e,4.90211,7.238084,12.275651
0xdcac85ecae7148886029c20e661d848a4de99ce2,6.9599333,6.452934,12.817842
0xdd00270d347ea0fc0fdd82e9385fbef0682c24f8,4.7975993,6.1847734,13.389667
0xdd45236f43353cab68f316ff2a6c193d508a449f,1.2168319,8.634837,13.8089285
0xdd594463a4a809eb8bdb0f15b060aa38573f6a14,1.4122275,10.256454,13.134869
0xdd6ef05e4e8c99f51f236a06883899304aa9c20b,1.2027308,6.757284,12.439883
0xdd7959071ee964ee2bc280554a6704b064ffd0fa,6.356354,6.579358,13.295635
0xddbfce0b9e06f22f4dd411511ab99696f3a62330,4.9933767,7.669013,13.940167
0xddce6ae3db95eb2a0259aeeab3f6932902354830,5.091723,5.903923,13.914585
0xde22e70994ffd3748b78c82af635d8c584044903,2.4471595,7.0081735,11.454638
0xde2874cc9c2943d662433ba8c2b8e9740c8a7792,1.5275851,9.337738,11.856424
0xde95b007e425cacd9c1aeddb8415f936b4d84c74,4.494211,8.266282,14.084948
0xdeb2bc7fb294b11152ee88165079485e27efb8ff,1.1118257,8.506019,12.731558
0xdebd491a259a242fc9bd8fd780a507e8e062b67a,5.648603,7.781821,13.555734
0xdfee2d4f729723aed67eed4bfb7a998dbb4294c0,3.6630845,6.4504385,12.877448
0xe01ff44ed40070b19cc967b4f062c1b633f29195,4.313967,8.901887,13.67418
0xe02255c3d6221dc05e81d2196179d5192a1176bb,2.0061824,8.576016,11.227458
0xe02e420ec55b4e03924d77c7b342c012541ba2d3,0.43316647,8.863444,12.538214
0xe06142615991dee64ca813085779fadcc70431eb,5.794978,7.4942527,13.457502
0xe082d8db0a9dbd0196a7486484274f1d469025de,0.8357946,8.087244,12.809538
0xe0a8a4d427eef7bb1ba257323e2fcf42d5c558cf,2.1737487,9.476909,12.284635
0xe113311f35a53b196c0ab3ed31ad0bf937cc5c07,5.3330307,7.846926,13.880357
0xe1685263f659cdb5c04dbf0efda8a3fa5f1b951e,1.0545688,9.034873,11.884983
0xe16d87c9ca88a1227a34c834b72d48b577abb353,5.219149,6.6546335,14.719973
0xe1cb91810f6dae1f6155c7844e24feb43daf3df0,5.7146697,7.0051465,14.2875185
0xe225cc851fe119e684a28d82a06cc4bb7a2c7c59,0.7774501,8.671378,13.583327
0xe2823659be02e0f48a4660e4da008b5e1abfdf29,6.518114,7.383659,13.2146435
0xe2990ce029db870c805e90a1a8a1d8a1c52255d6,1.8445493,7.4698625,13.998576
0xe2de883bdf9e7d02751bd4c80f81fbcfdc2cb7a7,0.9859894,7.147089,11.565517
0xe341443f94315df87d71cd872b3da253625aadb4,2.4681442,9.19809,12.585155
0xe349b5c304e57aa379fce8254174ac943bd62b8b,5.8465667,7.2754636,12.572629
0xe377e2f11c745c294ad65686635217ec765059f2,0.2829099,8.9187765,12.702526
0xe383475faffd3a725a793c4f01adb39579922928,5.450493,7.356794,13.472936
0xe383599fa27190359f8065d1566aa75097e89e2b,3.80967,8.591644,13.234465
0xe3ae260fee322b7ee0ef4e81ee645705b3cd63da,2.947323,10.686098,13.481549
0xe3b3482482899b4890ec5a2093cba2a558d0c14f,5.1557145,5.3727813,12.970278
0xe3fd4b15d5e93562839875fe21bc001e983632fb,3.5514393,6.887662,13.028281
0xe4d83945c0322f3d340203a7129b7eb5cacae847,6.29567,6.412688,13.461436
0xe4fe6f4872a8afcaaf8c7b8d0678743720a97b2a,4.262588,9.296877,13.677382
0xe541742afffaea299b9224ca38695588791722e7,0.79327387,7.744097,11.607854
0xe55c9840eb6ba1c75160ed611e3c72bc438dca54,5.3563147,7.3877926,12.73122
0xe61a3121f887a864efa63ced52b9172783cb789d,3.9106648,9.107852,12.90909
0xe62fc60d4c74d4af5ea4fa360826e5ed5b6747d7,2.2126763,7.923857,13.822993
0xe65bac8dd067e2bf78e78c6fb3b18903d55db802,4.9776416,5.9604573,13.776313
0xe65c360b28bd3da42d9a07d97f500d8d480e8428,0.74437404,8.363935,13.863781
0xe66e3d7fe460384ff9189b6efc5b83a5f9fa3f45,3.4021127,7.317339,14.302389
0xe6784abec0aec3aaf52cadffe6d281b5a48bce24,1.4895823,8.480798,14.005516
0xe67f141977da22e5c34d15c19b35f180a1532715,2.5898724,8.852593,12.667809
0xe6fe2362f915d627ecbf401b0ceef3dd2b2b79bd,4.812949,6.5809226,14.397123
0xe78a659517b45c2e179fa4748b3c0471eef3a65d,1.5288596,9.722111,11.982539
0xe7f0f118016a4b16617578da65f0b6be3c58b6f1,6.6133933,7.346992,13.007115
0xe8681168f59af16c60c805dab7842eb75f127879,1.6329434,8.627644,13.870746
0xe86b057f5eb764c9738d6b0d38170befd0723664,3.4079623,7.6173925,15.577217
0xe8758c2584c6fb39ad1f8cb1bb83619e93231ba0,4.9667125,7.5179377,14.391092
0xe8adbfeb2112b81f640df743b7919c3d68afc078,1.390001,7.4567933,12.045589
0xe90bf24e807df04f1513d50002d78bfc22ee84d9,2.2447631,7.0063257,11.494539
0xe9873814c821a97f5bfc7e504a162f51c20e8f56,2.5630438,7.818324,13.508927
0xea64d89880ed8c6c6c1ec77472d26a6368818980,5.02767,7.008963,12.0169115
0xeac842b2214cfece3f0d288293da19f408d91ede,1.7137614,8.76067,11.726048
0xeb1a6d5f7bce49a6a4b9abc57cdea57fce00630a,4.446695,8.009112,13.574819
0xeb6eda4756f831824cd28e568ef8adcff35016e3,4.902534,6.0313334,14.318771
0xeb76968eb4854230ceca285821591d09fdf2b94b,3.2233472,10.332355,13.511102
0xeb83e695adcac2e83f290d2d2815fc58e6491d7a,2.68637,7.912106,13.187312
0xebcfa0e05df4c406f4a166b1318581134a8537c0,3.1337044,6.6699386,13.187977
0xeca3005cd94338ba8fe4f5fc02e8d0f509d5f040,6.571605,6.749197,13.198309
0xecb63caa47c7c4e77f60f1ce858cf28dc2b82b00,3.526685,7.6539984,15.691961
0xecd227b51328faba79c951da9f5e582387b7f89f,2.6176372,10.704059,13.386076
0xed1fd08a946588c3847a7fdf3f76456ef9fcc854,4.1934695,8.382818,13.441706
0xed7252ec32d8e8603f0a552b4a6182d5c17fc28c,1.4133265,6.7358756,12.174634
0xed8dc94885bd5324e08729b59d05aba1e88da465,1.7866105,8.064779,10.602649
0xedf3f7d117f9bb9d7a7129471c50794f3d88cf7f,2.1082551,8.628667,11.335286
0xeeaf4055e581dae6a4eaea0a66181ecb207787f1,1.3965465,9.246092,13.216116
0xeec68ee6baa29e43dba177ce010c867d49b775b0,0.040016472,8.3023615,12.827721
0xeed00c28271a0b35d5c306c8b8c46379ec9c5904,3.2509127,6.536795,12.266068
0xef5fdcefdb38803a654ee9f3539bed8058443d99,2.991982,7.7231054,15.297423
0xefe3e45503bd838fa08594906b0906d252701cfe,3.8168893,6.39742,13.213863
0xf060e33cfa0727a224a184622606213e8f4e6a6f,5.2008295,5.3524685,12.964016
0xf138b360e7d8d64416b2666280c688da25134dbd,3.2370787,6.8302045,13.8969
0xf1702a21d7d3a5d4ce73d5f0fa4df35ade384f24,3.7478592,9.270682,12.997394
0xf18f61b728345d373b84e4664b82658e12710117,1.1841713,9.966951,13.027936
0xf19a8f29096ced385abb7c4930548121c97c8c40,3.8037827,7.1769166,14.017172
0xf29d1e92aab957b4ce52e4fc7fd6f2376e2dbc27,5.939109,6.6309214,13.911931
0xf2c8f77254a6799700fe266719397b48e3b8d7ac,1.5378335,9.559403,12.026393
0xf2daf90dd0cf2eb5e095775630f0f6f3f8a2b463,3.7016351,8.74905,13.1127825
0xf3019b7c49b21fb9dfbc6b0af44a56500267ec6f,1.7749228,8.100304,10.658928
0xf30bcf4f764ec0caf33b150678549822ae78a75f,0.97089964,8.626564,12.489799
0xf318b7c7f3dd6bbf3b651efd3dcb161bb9f47674,1.3738337,8.9163,13.666687
0xf31eb7ad41eaf39ba6a9868c45422ae774ad887a,4.9023275,5.984978,14.633379
0xf39bb94b221eb648edd35ae5c4a5cf7cc0f761fa,2.106987,7.6665573,11.059743
0xf40f793ba6bf4ff3b7a7180e4da9c721bea85c69,4.8695354,8.196049,12.988248
0xf4939e64793fc85b68ec4ddb1697b01db3977134,1.3720932,9.450241,12.136209
0xf49559a962d46b02b49a70320cbbdf2cc7ba40a7,5.176224,5.9654145,14.0640335
0xf4b5dfc9beb2fee17f9f3aa67d7d4fab3e6b8e74,6.518264,6.868603,12.973155
0xf4e6a66c786b594c586d931af4326aef2d455f35,6.165192,6.988009,13.183909
0xf52032aa3adc354ae3a155f4c7f923a580f55706,5.06834,6.0604696,14.811967
0xf521c8d72af09309f0c50f9c3dd053fc7b013c33,4.9127245,6.131856,13.411724
0xf53cab0c6f25f48f985d1e2c40e03fc7c1963364,1.1239896,8.122587,11.842293
0xf582a7c87888714ca875a70b0971f55bde6eb148,1.4693207,9.789781,13.340239
0xf5830ff9b625b60131d82530c51c9e294a9f7478,6.1306744,7.366601,13.093619
0xf5a523b171032c060d49c39fbf2e9bec473e1286,0.7840002,7.2612553,13.243761
0xf5dd745bcf393686ceffb6a43f7e7b4c172aefad,3.7170963,6.374755,12.737254
0xf62edeee17968d4c55d1c74936d2110333342f30,5.806953,6.627513,13.1840315
0xf69f85924704c4ddfbdedd5150c176f576011bfa,2.3470325,10.504954,13.369237
0xf6a948c516b3c9cb057d1c7c3894714562535e44,1.1264033,8.6462555,11.765405
0xf6b534d0500813a37ec32494321a37c46268a98b,0.65146136,8.105153,13.089726
0xf7499ba3400660a1dcd9475cd5f334635047ce7b,2.3699582,7.7658377,13.124624
0xf79d1252a6514ad59b4ea77834cac44cd7d49c52,4.774827,7.8946924,12.865667
0xf7c2ed23ddff71b17473db6f330fd8cb18388010,0.8652998,7.9467993,12.15745
0xf83858e57d9f804f5ca1603bce82558119aeac7b,0.71980304,7.257266,13.265669
0xf83e8bd8dff2f1157d83ba11e698263411f3dbea,1.2302642,7.831573,13.03995
0xf83ff544ed6f00fe7a74782aee3fd9ea54d96728,1.3886607,9.019185,12.054167
0xf8eac6eb2efcea7b952f2e901988302d79c9192f,4.886131,5.4549856,12.854796
0xf8f324a93d0d9d3573b2e3d938e19de1a92321c6,2.2531357,8.629439,11.907644
0xf93d43f4b399547eed48bf437867ae0a7a184b7a,1.252292,8.720092,11.807816
0xf970f3cc94919eeab9078899cf4e0c808ae1dc06,1.7670734,6.749603,11.88796
0xf986f4a9f98a9ee7760b8dba5e71b7291df77190,2.5893235,8.009931,13.692794
0xf9b4cdd91db7a086d59ecac8b44725db0ac54f2d,6.325726,6.422073,13.191836
0xf9de4e7c610b325781388dcbc39107b09c05dcbd,2.9051075,6.3433967,12.864439
0xfa7afda0dbdf010d00466209664eca6c0bfebe9c,0.66913164,7.2505503,13.132243
0xfa97fe321599641d5e62c61c222a961f59662af7,1.4893523,7.304667,11.779807
0xfab7cb9f74319a012907236ed9b65470c2423899,3.0301633,7.199258,12.775021
0xfb494ccd5f9440b28ed663525b3151cebaf4e8e5,3.7517736,8.871767,12.913656
0xfb7e2f3c47940af4dc4df67f716de542ce0a75cc,4.630529,6.253777,14.4429865
0xfba30c4a12ea4503919d09d533bcc1f3b211c404,4.1355243,9.709933,13.493179
0xfbb64f9fb18aa6bcf9fe1a2097b3b79435008113,2.3192508,7.169341,11.329177
0xfc2a4d455038aeb6468d46a66275f913a6ff726f,5.8489175,7.113436,12.908139
0xfc7a1c51e26efc6a3c8245cac5a29bce4d7a25aa,2.8923652,7.1481233,12.3407
0xfc93c3010ea5668c1b6900a9fe87168b63dec145,3.8604093,8.986681,13.079391
0xfce053a5e461683454bf37ad66d20344c0e3f4c0,6.064663,7.4539094,13.237073
0xfcf104006bfff47695c1dc21dad3e9de1e72098e,0.7422227,7.5147233,12.341438
0xfd1975975e60f5413131eb24143379ec83a327a4,1.0863497,8.871128,11.934341
0xfd97600ac44b3c4e20ac1a5f23e3b18d10fa5912,5.578121,8.337651,13.416448
0xfe3309bcf078e78dc65de26b3a34fcf04da3a83a,1.0375782,6.832497,12.480221
0xfe348be771e68b900b7c5e718d161ae72e063c0c,2.1649935,7.9689045,12.849795
0xfe8fd7c18c9209aba3d3e0c0584accfb5c22900d,1.8312746,9.387554,13.539246
0xfea4bce8c93f3ceab7cf42fe3f371c494dcf7a9b,1.4693276,7.991755,10.349091
0xfeab64de8cdf9dcebc0f49812499e396273efc06,1.9408896,9.806773,12.892986
0xfed459402e31f2e16260f2d89cd8e654498d35f1,2.714963,10.163458,13.385681
0xfeee942a06d2f8012823ccde7bf7bcbcaa29a09f,6.387589,6.3190784,12.499433
0xfeeed14648595dd8ebfad8a98b742c9395a89758,3.4267602,8.049363,12.35298
0xff14b7d0c7b16a425d07c7ef9cedcb8c9db8f305,2.3262768,6.388204,12.6569395
0xff3f81bf116731567f2d8f7f38c057fc9f4d316d,5.175645,6.941036,12.101073
0xff617cb0295fee9bc079bbfc5e71877bc3d490fa,3.153071,7.9330897,12.208687
0xffefe1ba6f2c69918a603c755331e9885504ed1e,4.3111324,8.601221,13.848022
0xfffa6fc6acc3dbe04b175862376f1c5ff88cf9c1,6.6418,7.3623247,13.109284
